agency,post_id_manuf,num_bids
1198,770,32
1198,4753,30
8448,5314,27
1272,5314,24
8448,788,21
1198,5011,20
1198,2184,19
1198,15212,17
1272,15212,16
37618,5314,16
8448,15228,14
37618,15212,14
37618,36004,13
1198,788,12
5477,770,12
1557,2184,12
1198,1266,11
5477,4753,11
13429,19571,10
1198,5314,10
1272,4753,10
1557,770,10
1557,5011,10
34369,15212,10
8448,2184,9
20664,15228,9
1198,1276,9
1557,5314,8
8448,36004,8
37618,44404,8
40190,15228,8
2047,2184,7
8448,1714,7
1198,756,7
8448,44404,7
1198,19924,7
2807,2184,7
1272,36004,7
1557,15212,7
20664,5314,6
1272,2184,6
8448,7490,6
13429,15865,6
1557,4753,6
30718,5314,6
5477,2184,6
5477,5314,5
1198,742,5
24020,15228,5
12796,4753,5
24268,15212,5
1557,788,5
1272,788,5
20664,2184,5
8448,15212,5
12796,15212,5
1557,7490,5
2047,770,4
17552,5011,4
2807,1276,4
35571,5314,4
9174,4753,4
2047,4753,4
12073,4753,4
35571,36004,4
19393,4753,4
4495,15212,4
2453,2184,4
35571,15212,4
12073,36004,4
1198,20636,4
1272,770,4
12073,5011,4
1272,774,4
12073,15212,4
13429,15203,4
20591,15212,4
8623,5011,4
8448,770,4
1712,1266,4
8448,23710,4
13429,20522,4
36798,5314,4
1198,19928,3
8448,15611,3
8448,5011,3
9174,5314,3
1198,774,3
19609,5314,3
17552,5314,3
44750,44404,3
19423,15212,3
1198,1684,3
3094,770,3
8448,774,3
17552,15212,3
18268,15212,3
44750,2184,3
1198,740,3
34369,36004,3
34369,5314,3
1272,44404,3
1712,2184,3
4495,15228,3
13429,19573,3
1712,770,3
21720,4753,3
20664,20224,3
5477,5011,3
20591,5314,3
21720,15611,3
1272,5011,3
1557,20636,3
30718,15212,3
2807,770,3
8448,24491,2
20664,788,2
3656,1266,2
3094,36004,2
12796,29877,2
36798,15212,2
12073,25719,2
1334,766,2
8448,20224,2
3094,44404,2
19423,770,2
1272,29877,2
3094,5314,2
4495,407,2
20808,15212,2
16226,4753,2
16226,5314,2
3094,774,2
15532,5314,2
24268,5314,2
2191,15212,2
24268,5011,2
16226,15212,2
12073,5314,2
2453,5011,2
8623,4753,2
20664,23710,2
43600,15212,2
47846,5314,2
1272,25719,2
44128,15212,2
21720,19924,2
17133,5011,2
28086,2184,2
37618,29877,2
17552,788,2
17552,2184,2
30807,5314,2
1557,23710,2
21720,15212,2
33760,5314,2
31427,15212,2
37618,19928,2
2047,1276,2
17552,19928,2
37546,1714,2
37618,2184,2
2807,740,2
1712,756,2
37546,36004,2
32015,5314,2
32015,15212,2
26126,2184,2
33646,15212,2
5477,1266,2
33760,36004,2
5477,756,2
37546,5314,2
19423,5314,2
5477,788,2
18781,5314,2
1198,15611,2
18781,19924,2
1198,5007,2
1198,7490,2
4695,4753,2
4695,770,2
34369,29877,2
18268,5314,2
9174,770,2
9174,5011,2
18781,23680,2
4495,5314,2
4495,887,2
18781,4753,2
4495,20522,2
40190,5314,2
30718,36004,2
18288,2184,1
6467,5314,1
6467,4753,1
2807,1266,1
2280,2184,1
2047,5314,1
40592,29877,1
41863,2184,1
30718,2184,1
1712,4753,1
13429,29775,1
1712,5314,1
45910,36004,1
19393,5011,1
37618,7490,1
2807,790,1
44128,5314,1
37618,4753,1
2047,15212,1
2807,5314,1
37618,788,1
30718,770,1
11297,770,1
4495,19928,1
41863,36004,1
12538,7490,1
12538,5011,1
12538,4753,1
15622,5314,1
37546,35999,1
17096,36004,1
4495,19924,1
4820,2184,1
40190,2184,1
21720,770,1
33646,42272,1
15622,4753,1
40190,1714,1
18288,15212,1
40592,23582,1
35520,770,1
12538,742,1
1712,1276,1
19393,5314,1
21720,5314,1
18268,5011,1
41863,788,1
12258,7490,1
4495,15189,1
40959,788,1
28086,4753,1
17133,4753,1
1349,4753,1
28086,5314,1
1557,21638,1
41718,15212,1
1349,5011,1
1349,5314,1
11297,19776,1
12258,5314,1
14964,770,1
12258,5011,1
12258,4753,1
28086,15212,1
12258,2184,1
3917,770,1
3917,774,1
1557,19928,1
19393,15212,1
12258,790,1
41718,4753,1
12258,770,1
1349,2184,1
33760,15212,1
30718,4753,1
7538,770,1
11297,5011,1
33646,20224,1
19393,7490,1
30718,5011,1
2047,1266,1
12484,788,1
2047,788,1
31904,788,1
11297,11093,1
2280,788,1
41718,36004,1
2280,774,1
45910,44404,1
34369,38958,1
30257,23710,1
1557,36004,1
37618,21576,1
31665,36004,1
7538,2184,1
30257,23680,1
37618,23710,1
1557,24491,1
11297,15189,1
35571,19928,1
12067,768,1
20591,4753,1
43600,36004,1
1334,1276,1
18781,15212,1
12858,5314,1
51326,5314,1
1334,742,1
18781,15611,1
34472,15212,1
33100,788,1
33609,19928,1
30564,5314,1
2453,23710,1
20664,15212,1
12796,44404,1
5323,770,1
12796,36004,1
,4753,1
15869,5314,1
16267,2184,1
12796,23582,1
16267,4753,1
16267,5011,1
51326,36004,1
16267,5314,1
48410,5314,1
5323,756,1
43175,36004,1
33609,15212,1
20664,29877,1
2453,7490,1
33609,770,1
43175,15212,1
48816,1714,1
43175,5314,1
40190,36004,1
12895,788,1
33609,1266,1
24268,36004,1
40190,29877,1
24268,44404,1
,770,1
33100,19928,1
20808,19928,1
2453,770,1
2453,788,1
48816,36004,1
48410,44404,1
33609,5314,1
48816,44404,1
48410,36004,1
,788,1
2453,4753,1
2453,5314,1
4301,1266,1
5323,788,1
4495,20224,1
40592,15212,1
1272,15151,1
20591,15228,1
1272,8183,1
1272,7490,1
18288,29877,1
40190,15212,1
17096,4753,1
1272,1276,1
42887,5314,1
17096,5011,1
9271,5011,1
2200,788,1
,5314,1
5477,774,1
1272,742,1
9271,2184,1
5477,1684,1
35676,5314,1
2197,2184,1
15529,5314,1
30426,5314,1
37546,15212,1
31665,5314,1
17096,15228,1
24020,788,1
42887,15212,1
40592,5314,1
1272,15228,1
12796,7490,1
32674,15212,1
12796,5011,1
36798,25719,1
2158,4753,1
5323,2184,1
5323,4753,1
5323,5011,1
5323,5314,1
4301,421,1
4301,407,1
25328,15212,1
12796,742,1
42887,36004,1
24020,5314,1
20591,23710,1
37546,788,1
1272,21576,1
24020,2184,1
24020,1714,1
,15203,1
37546,2184,1
35676,15212,1
41718,2184,1
48816,5314,1
4495,2184,1
44750,36004,1
12079,7490,1
19423,7490,1
4695,1266,1
18268,23680,1
4121,770,1
1198,15228,1
30807,29877,1
19423,4753,1
2191,21576,1
9174,774,1
8448,19928,1
39988,21576,1
39560,2184,1
14689,770,1
14418,15228,1
4121,421,1
15532,2184,1
3094,740,1
8448,15141,1
14689,15611,1
14418,15141,1
34124,15212,1
18268,770,1
19394,5011,1
1198,1670,1
14689,36004,1
8448,790,1
1198,2194,1
4121,2184,1
34369,5011,1
17552,23710,1
14689,5011,1
41065,770,1
14689,4753,1
8448,4753,1
34369,4753,1
30718,23710,1
4495,7490,1
30718,25719,1
3094,742,1
2191,4753,1
39560,5314,1
15532,4753,1
15532,15611,1
47364,788,1
4695,2194,1
41065,15212,1
28706,19928,1
3094,4753,1
3094,5007,1
8623,2184,1
3094,5011,1
12073,12002,1
19394,740,1
15532,7490,1
39988,15212,1
4695,5011,1
8623,7490,1
35520,5314,1
35520,5011,1
2191,19924,1
39560,15212,1
41065,5314,1
8623,770,1
2191,5011,1
4495,4753,1
39560,29877,1
34369,770,1
28706,5314,1
4695,11093,1
12073,29877,1
40959,15212,1
18268,19928,1
3094,788,1
3094,790,1
12258,742,1
34369,768,1
3094,1266,1
2191,19928,1
17922,4753,1
12073,770,1
19423,15611,1
8448,5007,1
17552,770,1
9174,788,1
12248,770,1
30807,15212,1
28259,15212,1
4695,788,1
39988,5314,1
1557,1266,1
1557,774,1
12067,1266,1
12067,5011,1
12248,1266,1
12248,7490,1
7989,7490,1
34369,23582,1
8884,7490,1
9174,1266,1
18268,36004,1
4495,788,1
30718,21576,1
29186,15212,1
44128,44404,1
39988,35999,1
17552,4753,1
19609,788,1
39988,2184,1
12067,4753,1
12248,5011,1
39988,29877,1
28259,5314,1
22536,788,1
40190,42272,1
8884,2194,1
9174,2184,1
1198,768,1
19393,19928,1
35520,15212,1
12067,770,1
22536,5314,1
18268,44404,1
19423,19924,1
3917,2184,1
18268,788,1
1557,742,1
29186,23680,1
1557,1670,1
22536,20522,1
22536,2184,1
12067,2194,1
3917,5011,1
22536,4753,1
39988,7490,1
12248,4753,1
1198,766,1
17552,15228,1
14689,15228,1
4495,12002,1
35676,38958,0
35676,36004,0
3656,15189,0
35676,29877,0
34472,24491,0
35676,35999,0
3656,4753,0
34472,20522,0
34472,29775,0
3656,19573,0
3656,19571,0
35676,21576,0
35676,21638,0
35676,23582,0
35520,20224,0
35676,23680,0
34472,20224,0
35676,23710,0
3656,15865,0
35676,29775,0
3656,15611,0
34472,25719,0
35676,24491,0
35520,7490,0
35520,19928,0
3656,15228,0
3656,15212,0
35676,25719,0
3656,15203,0
35520,11093,0
3656,740,0
35676,42272,0
3656,887,0
34472,23582,0
35520,15865,0
34472,21638,0
35676,20522,0
35520,15611,0
35520,15151,0
3656,1276,0
3656,1670,0
3656,1684,0
35520,15189,0
35520,15228,0
3656,1714,0
35520,15203,0
3656,8183,0
3656,7490,0
3656,5314,0
3656,5011,0
3656,2184,0
3656,2194,0
3656,5007,0
34472,21576,0
34472,20636,0
35520,19571,0
35520,12002,0
3656,11093,0
35520,8183,0
35520,15141,0
35676,44404,0
3656,407,0
3656,15151,0
3656,15141,0
3656,421,0
34472,23710,0
3656,742,0
3656,756,0
3656,766,0
35520,19924,0
34472,23680,0
35520,19776,0
3656,768,0
35520,19573,0
3656,12002,0
3656,770,0
3656,774,0
3656,788,0
3656,790,0
35676,20636,0
35571,15611,0
34472,29877,0
35571,42272,0
35571,24491,0
35571,25719,0
35571,1276,0
35571,1266,0
35571,887,0
35571,29775,0
35571,29877,0
35571,790,0
35571,788,0
35571,774,0
35571,35999,0
35571,770,0
35520,1266,0
35571,38958,0
35571,44404,0
35571,1684,0
35520,887,0
35571,768,0
35571,766,0
35676,407,0
35571,756,0
35520,790,0
35520,788,0
35676,421,0
35676,740,0
35676,742,0
35520,774,0
35571,742,0
35676,756,0
35571,740,0
35571,1670,0
35571,23710,0
35676,20224,0
35571,11093,0
35571,15865,0
35571,15228,0
35520,1670,0
35571,19571,0
35571,19573,0
35571,15203,0
35520,1684,0
35520,1714,0
35571,19776,0
35571,15189,0
35571,15151,0
35571,15141,0
35571,12002,0
35571,19924,0
35571,8183,0
35571,1714,0
35520,1276,0
3656,19776,0
35571,7490,0
35571,5011,0
35571,5007,0
35571,4753,0
35571,20224,0
35571,20522,0
35571,20636,0
35571,2194,0
35571,2184,0
35571,21576,0
35571,21638,0
35571,23582,0
35571,421,0
35676,766,0
35676,768,0
35520,21638,0
35676,12002,0
35676,15141,0
35520,25719,0
35676,15151,0
35520,421,0
35520,407,0
34472,44404,0
35520,24491,0
34472,42272,0
35676,15189,0
35520,23710,0
35520,23680,0
35520,23582,0
35676,15203,0
35676,15228,0
35571,407,0
35676,15611,0
35676,15865,0
35676,19571,0
35520,21576,0
35520,5007,0
35520,20636,0
35676,19573,0
35676,19776,0
35676,19924,0
35676,19928,0
34472,38958,0
35520,20522,0
34472,36004,0
34472,35999,0
35520,29775,0
35520,740,0
35520,29877,0
35520,35999,0
35676,770,0
35676,774,0
35676,788,0
35676,790,0
35676,887,0
35676,1266,0
35676,1276,0
35676,1670,0
35676,1684,0
35676,1714,0
35676,2184,0
35676,2194,0
35676,4753,0
35676,5007,0
35520,44404,0
35520,42272,0
35676,5011,0
35520,2184,0
35520,768,0
35520,2194,0
35520,38958,0
35520,766,0
35676,7490,0
35520,4753,0
35676,8183,0
35676,11093,0
35520,756,0
35520,36004,0
35520,742,0
35571,23680,0
37546,15189,0
3656,19924,0
39560,15141,0
39560,19776,0
39560,19573,0
39560,19571,0
39560,15865,0
39560,15611,0
39560,15228,0
39560,15203,0
39560,15189,0
39560,15151,0
39560,12002,0
39560,1276,0
39560,11093,0
39560,8183,0
39560,7490,0
39560,5011,0
39560,5007,0
39560,4753,0
39560,2194,0
39560,1714,0
39560,1684,0
39560,19924,0
39560,19928,0
39560,20224,0
39560,20522,0
39988,756,0
39988,742,0
39988,740,0
39988,421,0
39988,407,0
39560,44404,0
39560,42272,0
39560,38958,0
39560,36004,0
39560,35999,0
39560,29775,0
39560,25719,0
39560,24491,0
39560,23710,0
39560,23680,0
39560,23582,0
39560,21638,0
39560,21576,0
39560,20636,0
39560,1670,0
39560,1266,0
3917,7490,0
3917,19571,0
3917,21638,0
3917,21576,0
3917,20636,0
3917,20522,0
3917,20224,0
3917,19928,0
3917,19924,0
3917,19776,0
3917,19573,0
3917,15865,0
39560,887,0
3917,15611,0
3917,15228,0
3917,15212,0
3917,15203,0
3917,15189,0
3917,15151,0
3917,15141,0
3917,12002,0
3917,11093,0
3917,23582,0
3917,23680,0
3917,23710,0
3917,24491,0
39560,790,0
39560,788,0
39560,774,0
39560,770,0
39560,768,0
39560,766,0
39560,756,0
39560,742,0
39560,740,0
39560,421,0
39560,407,0
3917,44404,0
3917,42272,0
3917,38958,0
3917,36004,0
3917,35999,0
3917,29877,0
3917,29775,0
3917,25719,0
39988,766,0
39988,768,0
39988,770,0
40190,1684,0
40190,15141,0
40190,12002,0
40190,11093,0
40190,8183,0
40190,7490,0
40190,5011,0
40190,5007,0
40190,4753,0
40190,2194,0
40190,1670,0
39988,774,0
40190,1276,0
40190,1266,0
40190,887,0
40190,790,0
40190,788,0
40190,774,0
40190,770,0
40190,768,0
40190,766,0
40190,15151,0
40190,15189,0
40190,15203,0
40190,15611,0
40190,38958,0
40190,35999,0
40190,29775,0
40190,25719,0
40190,24491,0
40190,23710,0
40190,23680,0
40190,23582,0
40190,21638,0
40190,21576,0
40190,20636,0
40190,20522,0
40190,20224,0
40190,19928,0
40190,19924,0
40190,19776,0
40190,19573,0
40190,19571,0
40190,15865,0
40190,756,0
40190,742,0
40190,740,0
39988,15611,0
39988,15203,0
39988,15189,0
39988,15151,0
39988,15141,0
39988,12002,0
39988,11093,0
39988,8183,0
39988,5011,0
39988,5007,0
39988,4753,0
39988,2194,0
39988,1714,0
39988,1684,0
39988,1670,0
39988,1276,0
39988,1266,0
39988,887,0
39988,790,0
39988,788,0
39988,15228,0
39988,15865,0
40190,421,0
39988,19571,0
40190,407,0
39988,44404,0
39988,42272,0
39988,38958,0
39988,36004,0
39988,29775,0
39988,25719,0
39988,24491,0
39988,23710,0
39988,23680,0
39988,23582,0
39988,21638,0
39988,20636,0
39988,20522,0
39988,20224,0
39988,19928,0
39988,19924,0
39988,19776,0
39988,19573,0
3917,8183,0
3917,5314,0
3656,19928,0
36798,20636,0
36798,35999,0
36798,29877,0
36798,29775,0
36798,24491,0
36798,23710,0
36798,23680,0
36798,23582,0
36798,21638,0
36798,21576,0
36798,20522,0
36798,15189,0
36798,20224,0
36798,19928,0
36798,19924,0
36798,19776,0
36798,19573,0
36798,19571,0
36798,15865,0
36798,15611,0
36798,15228,0
36798,36004,0
36798,38958,0
36798,42272,0
36798,44404,0
37546,5011,0
37546,5007,0
37546,4753,0
37546,2194,0
37546,1684,0
37546,1670,0
37546,1276,0
37546,1266,0
37546,887,0
37546,790,0
37546,774,0
37546,770,0
37546,768,0
37546,766,0
37546,756,0
37546,742,0
37546,740,0
37546,421,0
37546,407,0
36798,15203,0
36798,15151,0
3917,5007,0
3656,29775,0
36798,740,0
36798,421,0
36798,407,0
3656,44404,0
3656,42272,0
3656,38958,0
3656,36004,0
3656,35999,0
3656,29877,0
3656,25719,0
36798,15141,0
3656,24491,0
3656,23710,0
3656,23680,0
3656,23582,0
3656,21638,0
3656,21576,0
3656,20636,0
3656,20522,0
3656,20224,0
36798,742,0
36798,756,0
36798,766,0
36798,768,0
36798,12002,0
36798,11093,0
36798,8183,0
36798,7490,0
36798,5011,0
36798,5007,0
36798,4753,0
36798,2194,0
36798,2184,0
36798,1714,0
36798,1684,0
36798,1670,0
36798,1276,0
36798,1266,0
36798,887,0
36798,790,0
36798,788,0
36798,774,0
36798,770,0
37546,7490,0
37546,8183,0
37546,11093,0
37618,19571,0
37618,23680,0
37618,23582,0
37618,21638,0
37618,20636,0
37618,20522,0
37618,20224,0
37618,19924,0
37618,19776,0
37618,19573,0
37618,15865,0
37546,12002,0
37618,15611,0
37618,15228,0
37618,15203,0
37618,15189,0
37618,15151,0
37618,15141,0
37618,12002,0
37618,11093,0
37618,8183,0
37618,24491,0
37618,25719,0
37618,29775,0
37618,35999,0
3917,4753,0
3917,2194,0
3917,1714,0
3917,1684,0
3917,1670,0
3917,1276,0
3917,1266,0
3917,887,0
3917,790,0
3917,788,0
3917,768,0
3917,766,0
3917,756,0
3917,742,0
3917,740,0
3917,421,0
3917,407,0
37618,42272,0
37618,38958,0
37618,5011,0
37618,5007,0
37618,2194,0
37546,24491,0
37546,23680,0
37546,23582,0
37546,21638,0
37546,21576,0
37546,20636,0
37546,20522,0
37546,20224,0
37546,19928,0
37546,19924,0
37546,19776,0
37546,19573,0
37546,19571,0
37546,15865,0
37546,15611,0
37546,15228,0
37546,15203,0
34472,19924,0
37546,15151,0
37546,15141,0
37546,23710,0
37546,25719,0
37618,1714,0
37546,29775,0
37618,1684,0
37618,1670,0
37618,1276,0
37618,1266,0
37618,887,0
37618,790,0
37618,774,0
37618,770,0
37618,768,0
37618,766,0
37618,756,0
37618,742,0
37618,740,0
37618,421,0
37618,407,0
37546,44404,0
37546,42272,0
37546,38958,0
37546,29877,0
34472,19928,0
,407,0
34472,19776,0
31665,7490,0
31665,15611,0
31665,15228,0
31665,15212,0
31665,15203,0
31665,15189,0
31665,15151,0
31665,15141,0
31665,12002,0
31665,11093,0
31665,8183,0
31665,5011,0
31665,19571,0
31665,5007,0
31665,4753,0
31665,2194,0
31665,2184,0
31665,1714,0
31665,1684,0
31665,1670,0
31665,1276,0
31665,1266,0
31665,887,0
31665,15865,0
31665,19573,0
31665,788,0
31665,25719,0
31904,742,0
31904,740,0
31904,421,0
31904,407,0
31665,44404,0
31665,42272,0
31665,38958,0
31665,35999,0
31665,29877,0
31665,29775,0
31665,24491,0
31665,19776,0
31665,23710,0
31665,23680,0
31665,23582,0
31665,21638,0
31665,21576,0
31665,20636,0
31665,20522,0
31665,20224,0
31665,19928,0
31665,19924,0
31665,790,0
31665,774,0
34472,19573,0
31427,12002,0
31427,19776,0
31427,19573,0
31427,19571,0
31427,15865,0
31427,15611,0
31427,15228,0
31427,15203,0
31427,15189,0
31427,15151,0
31427,15141,0
31427,11093,0
31427,19928,0
31427,8183,0
31427,7490,0
31427,5314,0
31427,5011,0
31427,5007,0
31427,4753,0
31427,2194,0
31427,2184,0
31427,1714,0
31427,1684,0
31427,19924,0
31427,20224,0
31665,770,0
31427,36004,0
31665,768,0
31665,766,0
31665,756,0
31665,742,0
31665,740,0
31665,421,0
31665,407,0
31427,44404,0
31427,42272,0
31427,38958,0
31427,35999,0
31427,20522,0
31427,29877,0
31427,29775,0
31427,25719,0
31427,24491,0
31427,23710,0
31427,23680,0
31427,23582,0
31427,21638,0
31427,21576,0
31427,20636,0
31904,756,0
31904,766,0
31904,768,0
32015,1670,0
32015,11093,0
32015,8183,0
32015,7490,0
32015,5011,0
32015,5007,0
32015,4753,0
32015,2194,0
32015,2184,0
32015,1714,0
32015,1684,0
32015,1276,0
32015,15141,0
32015,1266,0
32015,887,0
32015,790,0
32015,788,0
32015,774,0
32015,770,0
32015,768,0
32015,766,0
32015,756,0
32015,742,0
32015,12002,0
32015,15151,0
31904,770,0
32015,20636,0
32015,35999,0
32015,29877,0
32015,29775,0
32015,25719,0
32015,24491,0
32015,23710,0
32015,23680,0
32015,23582,0
32015,21638,0
32015,21576,0
32015,20522,0
32015,15189,0
32015,20224,0
32015,19928,0
32015,19924,0
32015,19776,0
32015,19573,0
32015,19571,0
32015,15865,0
32015,15611,0
32015,15228,0
32015,15203,0
32015,740,0
32015,421,0
32015,407,0
31904,5007,0
31904,15203,0
31904,15189,0
31904,15151,0
31904,15141,0
31904,12002,0
31904,11093,0
31904,8183,0
31904,7490,0
31904,5314,0
31904,5011,0
31904,4753,0
31904,44404,0
31904,2194,0
31904,2184,0
31904,1714,0
31904,1684,0
31904,1670,0
31904,1276,0
31904,1266,0
31904,887,0
31904,790,0
31904,774,0
31904,15212,0
31904,15228,0
31904,15611,0
31904,15865,0
31904,42272,0
31904,38958,0
31904,36004,0
31904,35999,0
31904,29877,0
31904,29775,0
31904,25719,0
31904,24491,0
31904,23710,0
31904,23680,0
31904,23582,0
31904,21638,0
31904,21576,0
31904,20636,0
31904,20522,0
31904,20224,0
31904,19928,0
31904,19924,0
31904,19776,0
31904,19573,0
31904,19571,0
31427,1670,0
31427,1276,0
31427,1266,0
30718,2194,0
30718,15228,0
30718,15203,0
30718,15189,0
30718,15151,0
30718,15141,0
30718,12002,0
30718,11093,0
30718,8183,0
30718,7490,0
30718,5007,0
30718,1714,0
30718,15865,0
30718,1684,0
30718,1670,0
30718,1276,0
30718,1266,0
30718,887,0
30718,790,0
30718,788,0
30718,774,0
30718,768,0
30718,766,0
30718,15611,0
30718,19571,0
30807,770,0
30718,29877,0
30807,766,0
30807,756,0
30807,742,0
30807,740,0
30807,421,0
30807,407,0
30718,44404,0
30718,42272,0
30718,38958,0
30718,35999,0
30718,29775,0
30718,19573,0
30718,24491,0
30718,23680,0
30718,23582,0
30718,21638,0
30718,20636,0
30718,20522,0
30718,20224,0
30718,19928,0
30718,19924,0
30718,19776,0
30718,756,0
30718,742,0
30718,740,0
30564,5011,0
30564,15228,0
30564,15212,0
30564,15203,0
30564,15189,0
30564,15151,0
30564,15141,0
30564,12002,0
30564,11093,0
30564,8183,0
30564,7490,0
30564,5007,0
30718,421,0
30564,4753,0
30564,2194,0
30564,2184,0
30564,1714,0
30564,1684,0
30564,1670,0
30564,1276,0
30564,1266,0
30564,887,0
30564,790,0
30564,15611,0
30564,15865,0
30564,19571,0
30564,19573,0
30718,407,0
30564,44404,0
30564,42272,0
30564,38958,0
30564,36004,0
30564,35999,0
30564,29877,0
30564,29775,0
30564,25719,0
30564,24491,0
30564,23710,0
30564,23680,0
30564,23582,0
30564,21638,0
30564,21576,0
30564,20636,0
30564,20522,0
30564,20224,0
30564,19928,0
30564,19924,0
30564,19776,0
30807,768,0
30807,774,0
31427,887,0
3094,15189,0
3094,19928,0
3094,19924,0
3094,19776,0
3094,19573,0
3094,19571,0
3094,15865,0
3094,15611,0
3094,15228,0
3094,15212,0
3094,15203,0
3094,15151,0
3094,20522,0
3094,15141,0
3094,12002,0
3094,11093,0
3094,8183,0
3094,7490,0
3094,2194,0
3094,2184,0
3094,1714,0
3094,1684,0
3094,1670,0
3094,20224,0
3094,20636,0
30807,788,0
31427,407,0
31427,790,0
31427,788,0
31427,774,0
31427,770,0
31427,768,0
31427,766,0
31427,756,0
31427,742,0
31427,740,0
31427,421,0
3094,42272,0
3094,21576,0
3094,38958,0
3094,35999,0
3094,29877,0
3094,29775,0
3094,25719,0
3094,24491,0
3094,23710,0
3094,23680,0
3094,23582,0
3094,21638,0
3094,1276,0
3094,887,0
3094,768,0
30807,5011,0
30807,15611,0
30807,15228,0
30807,15203,0
30807,15189,0
30807,15151,0
30807,15141,0
30807,12002,0
30807,11093,0
30807,8183,0
30807,7490,0
30807,5007,0
3094,766,0
30807,4753,0
30807,2194,0
30807,2184,0
30807,1714,0
30807,1684,0
30807,1670,0
30807,1276,0
30807,1266,0
30807,887,0
30807,790,0
30807,15865,0
30807,19571,0
30807,19573,0
30807,19776,0
3094,756,0
3094,421,0
3094,407,0
30807,44404,0
30807,42272,0
30807,38958,0
30807,36004,0
30807,35999,0
30807,29775,0
30807,25719,0
30807,24491,0
30807,23710,0
30807,23680,0
30807,23582,0
30807,21638,0
30807,21576,0
30807,20636,0
30807,20522,0
30807,20224,0
30807,19928,0
30807,19924,0
32015,36004,0
32015,38958,0
32015,42272,0
33760,38958,0
34124,770,0
34124,768,0
34124,766,0
34124,756,0
34124,742,0
34124,740,0
34124,421,0
34124,407,0
33760,44404,0
33760,42272,0
33760,35999,0
34124,788,0
33760,29877,0
33760,29775,0
33760,25719,0
33760,24491,0
33760,23710,0
33760,23680,0
33760,23582,0
33760,21638,0
33760,21576,0
33760,20636,0
34124,774,0
34124,790,0
34124,19776,0
34124,8183,0
34124,19571,0
34124,15865,0
34124,15611,0
34124,15228,0
34124,15203,0
34124,15189,0
34124,15151,0
34124,15141,0
34124,12002,0
34124,11093,0
34124,7490,0
34124,887,0
34124,5314,0
34124,5011,0
34124,5007,0
34124,4753,0
34124,2194,0
34124,2184,0
34124,1684,0
34124,1670,0
34124,1276,0
34124,1266,0
33760,20522,0
33760,20224,0
33760,19928,0
33760,407,0
33760,790,0
33760,788,0
33760,774,0
33760,770,0
33760,768,0
33760,766,0
33760,756,0
33760,742,0
33760,740,0
33760,421,0
33646,44404,0
33760,19924,0
33646,38958,0
33646,36004,0
33646,35999,0
33646,29877,0
33646,29775,0
33646,25719,0
33646,24491,0
33646,23710,0
33646,23680,0
33646,23582,0
33760,887,0
33760,1266,0
33760,1276,0
33760,1670,0
33760,19776,0
33760,19573,0
33760,19571,0
33760,15865,0
33760,15611,0
33760,15228,0
33760,15203,0
33760,15189,0
33760,15151,0
33760,15141,0
33760,12002,0
33760,11093,0
33760,8183,0
33760,7490,0
33760,5011,0
33760,5007,0
33760,4753,0
33760,2194,0
33760,2184,0
33760,1714,0
33760,1684,0
34124,19573,0
34124,19924,0
33646,21576,0
34369,42272,0
34472,774,0
34472,770,0
34472,768,0
34472,766,0
34472,756,0
34472,742,0
34472,740,0
34472,421,0
34472,407,0
34369,44404,0
34369,35999,0
34472,790,0
34369,29775,0
34369,25719,0
34369,24491,0
34369,23710,0
34369,23680,0
34369,21638,0
34369,21576,0
34369,20636,0
34369,20522,0
34369,20224,0
34472,788,0
34472,887,0
34124,19928,0
34472,8183,0
34472,19571,0
34472,15865,0
34472,15611,0
34472,15228,0
34472,15203,0
34472,15189,0
34472,15151,0
34472,15141,0
34472,12002,0
34472,11093,0
34472,7490,0
34472,1266,0
34472,5314,0
34472,5011,0
34472,5007,0
34472,4753,0
34472,2194,0
34472,2184,0
34472,1714,0
34472,1684,0
34472,1670,0
34472,1276,0
34369,19928,0
34369,19924,0
34369,19776,0
34124,29877,0
34369,756,0
34369,742,0
34369,740,0
34369,421,0
34369,407,0
34124,44404,0
34124,42272,0
34124,38958,0
34124,36004,0
34124,35999,0
34124,29775,0
34369,19573,0
34124,25719,0
34124,24491,0
34124,23710,0
34124,23680,0
34124,23582,0
34124,21638,0
34124,21576,0
34124,20636,0
34124,20522,0
34124,20224,0
34369,766,0
34369,774,0
34369,788,0
34369,790,0
34369,19571,0
34369,15865,0
34369,15611,0
34369,15228,0
34369,15203,0
34369,15189,0
34369,15151,0
34369,15141,0
34369,12002,0
34369,11093,0
34369,8183,0
34369,7490,0
34369,5007,0
34369,2194,0
34369,2184,0
34369,1714,0
34369,1684,0
34369,1670,0
34369,1276,0
34369,1266,0
34369,887,0
33646,21638,0
33646,20636,0
32015,44404,0
33100,768,0
33100,2184,0
33100,1714,0
33100,1684,0
33100,1670,0
33100,1276,0
33100,1266,0
33100,887,0
33100,790,0
33100,774,0
33100,770,0
33100,766,0
33100,4753,0
33100,756,0
33100,742,0
33100,740,0
33100,421,0
33100,407,0
32674,44404,0
32674,42272,0
32674,38958,0
32674,36004,0
32674,35999,0
33100,2194,0
33100,5007,0
33100,23680,0
33100,15611,0
33100,21638,0
33100,21576,0
33100,20636,0
33100,20522,0
33100,20224,0
33100,19924,0
33100,19776,0
33100,19573,0
33100,19571,0
33100,15865,0
33100,15228,0
33100,5011,0
33100,15212,0
33100,15203,0
33100,15189,0
33100,15151,0
33100,15141,0
33100,12002,0
33100,11093,0
33100,8183,0
33100,7490,0
33100,5314,0
32674,29877,0
32674,29775,0
32674,25719,0
32674,887,0
32674,5011,0
32674,5007,0
32674,4753,0
32674,2194,0
32674,2184,0
32674,1714,0
32674,1684,0
32674,1670,0
32674,1276,0
32674,1266,0
32674,790,0
32674,24491,0
32674,788,0
32674,774,0
32674,770,0
32674,768,0
32674,766,0
32674,756,0
32674,742,0
32674,740,0
32674,421,0
32674,407,0
32674,5314,0
32674,7490,0
32674,8183,0
32674,11093,0
32674,23710,0
32674,23680,0
32674,23582,0
32674,21638,0
32674,21576,0
32674,20636,0
32674,20522,0
32674,20224,0
32674,19928,0
32674,19924,0
32674,19776,0
32674,19573,0
32674,19571,0
32674,15865,0
32674,15611,0
32674,15228,0
32674,15203,0
32674,15189,0
32674,15151,0
32674,15141,0
32674,12002,0
33100,23582,0
33100,23710,0
33646,20522,0
33646,740,0
33646,1266,0
33646,887,0
33646,790,0
33646,788,0
33646,774,0
33646,770,0
33646,768,0
33646,766,0
33646,756,0
33646,742,0
33646,421,0
33646,1670,0
33646,407,0
33609,44404,0
33609,42272,0
33609,38958,0
33609,36004,0
33609,35999,0
33609,29877,0
33609,29775,0
33609,25719,0
33609,24491,0
33646,1276,0
33646,1684,0
33100,24491,0
33646,15151,0
33646,19928,0
33646,19924,0
33646,19776,0
33646,19573,0
33646,19571,0
33646,15865,0
33646,15611,0
33646,15228,0
33646,15203,0
33646,15189,0
33646,15141,0
33646,1714,0
33646,12002,0
33646,11093,0
33646,8183,0
33646,7490,0
33646,5314,0
33646,5011,0
33646,5007,0
33646,4753,0
33646,2194,0
33646,2184,0
33609,23710,0
33609,23680,0
33609,23582,0
33609,742,0
33609,1684,0
33609,1670,0
33609,1276,0
33609,887,0
33609,790,0
33609,788,0
33609,774,0
33609,768,0
33609,766,0
33609,756,0
33609,740,0
33609,21638,0
33609,421,0
33609,407,0
33100,44404,0
33100,42272,0
33100,38958,0
33100,36004,0
33100,35999,0
33100,29877,0
33100,29775,0
33100,25719,0
33609,1714,0
33609,2184,0
33609,2194,0
33609,4753,0
33609,21576,0
33609,20636,0
33609,20522,0
33609,20224,0
33609,19924,0
33609,19776,0
33609,19573,0
33609,19571,0
33609,15865,0
33609,15611,0
33609,15228,0
33609,15203,0
33609,15189,0
33609,15151,0
33609,15141,0
33609,12002,0
33609,11093,0
33609,8183,0
33609,7490,0
33609,5011,0
33609,5007,0
34124,1714,0
41065,15611,0
40190,44404,0
51326,1714,0
51326,15141,0
51326,12002,0
51326,11093,0
51326,8183,0
51326,7490,0
51326,5011,0
51326,5007,0
51326,4753,0
51326,2194,0
51326,2184,0
51326,1684,0
51326,15189,0
51326,1670,0
51326,1276,0
51326,1266,0
51326,887,0
51326,790,0
51326,788,0
51326,774,0
51326,770,0
51326,768,0
51326,766,0
51326,15151,0
51326,15203,0
48816,766,0
51326,21576,0
51326,38958,0
51326,35999,0
51326,29877,0
51326,29775,0
51326,25719,0
51326,24491,0
51326,23710,0
51326,23680,0
51326,23582,0
51326,21638,0
51326,20636,0
51326,15212,0
51326,20522,0
51326,20224,0
51326,19928,0
51326,19924,0
51326,19776,0
51326,19573,0
51326,19571,0
51326,15865,0
51326,15611,0
51326,15228,0
51326,756,0
51326,742,0
51326,740,0
48816,4753,0
48816,15203,0
48816,15189,0
48816,15151,0
48816,15141,0
48816,12002,0
48816,11093,0
48816,8183,0
48816,7490,0
48816,5011,0
48816,5007,0
48816,2194,0
51326,421,0
48816,2184,0
48816,1684,0
48816,1670,0
48816,1276,0
48816,1266,0
48816,887,0
48816,790,0
48816,788,0
48816,774,0
48816,770,0
48816,15212,0
48816,15228,0
48816,15611,0
48816,15865,0
51326,407,0
48816,42272,0
48816,38958,0
48816,35999,0
48816,29877,0
48816,29775,0
48816,25719,0
48816,24491,0
48816,23710,0
48816,23680,0
48816,23582,0
48816,21638,0
48816,21576,0
48816,20636,0
48816,20522,0
48816,20224,0
48816,19928,0
48816,19924,0
48816,19776,0
48816,19573,0
48816,19571,0
51326,42272,0
51326,44404,0
5323,407,0
5477,8183,0
5477,15865,0
5477,15611,0
5477,15228,0
5477,15212,0
5477,15203,0
5477,15189,0
5477,15151,0
5477,15141,0
5477,12002,0
5477,11093,0
5477,7490,0
5477,421,0
5477,5007,0
5477,2194,0
5477,1714,0
5477,1670,0
5477,1276,0
5477,887,0
5477,790,0
5477,768,0
5477,766,0
5477,742,0
5477,19571,0
5477,19573,0
5477,19776,0
5477,19924,0
6467,740,0
6467,421,0
6467,407,0
5477,44404,0
5477,42272,0
5477,38958,0
5477,36004,0
5477,35999,0
5477,29877,0
5477,29775,0
5477,25719,0
5477,24491,0
5477,23710,0
5477,23680,0
5477,23582,0
5477,21638,0
5477,21576,0
5477,20636,0
5477,20522,0
5477,20224,0
5477,19928,0
5477,740,0
5477,407,0
5323,421,0
5323,1714,0
5323,15203,0
5323,15189,0
5323,15151,0
5323,15141,0
5323,12002,0
5323,11093,0
5323,8183,0
5323,7490,0
5323,5007,0
5323,2194,0
5323,1684,0
5323,44404,0
5323,1670,0
5323,1276,0
5323,1266,0
5323,887,0
5323,790,0
5323,774,0
5323,768,0
5323,766,0
5323,742,0
5323,740,0
5323,15212,0
5323,15228,0
5323,15611,0
5323,15865,0
5323,42272,0
5323,38958,0
5323,36004,0
5323,35999,0
5323,29877,0
5323,29775,0
5323,25719,0
5323,24491,0
5323,23710,0
5323,23680,0
5323,23582,0
5323,21638,0
5323,21576,0
5323,20636,0
5323,20522,0
5323,20224,0
5323,19928,0
5323,19924,0
5323,19776,0
5323,19573,0
5323,19571,0
48816,768,0
48816,756,0
40592,407,0
47846,15212,0
47846,20522,0
47846,20224,0
47846,19928,0
47846,19924,0
47846,19776,0
47846,19573,0
47846,19571,0
47846,15865,0
47846,15611,0
47846,15228,0
47846,15203,0
47846,21576,0
47846,15189,0
47846,15151,0
47846,15141,0
47846,12002,0
47846,11093,0
47846,8183,0
47846,7490,0
47846,5011,0
47846,5007,0
47846,4753,0
47846,20636,0
47846,21638,0
48816,742,0
4820,407,0
4820,790,0
4820,788,0
4820,774,0
4820,770,0
4820,768,0
4820,766,0
4820,756,0
4820,742,0
4820,740,0
4820,421,0
47846,44404,0
47846,23582,0
47846,42272,0
47846,38958,0
47846,36004,0
47846,35999,0
47846,29877,0
47846,29775,0
47846,25719,0
47846,24491,0
47846,23710,0
47846,23680,0
47846,2194,0
47846,2184,0
47846,1714,0
47364,19573,0
47364,23680,0
47364,23582,0
47364,21638,0
47364,21576,0
47364,20636,0
47364,20522,0
47364,20224,0
47364,19928,0
47364,19924,0
47364,19776,0
47364,19571,0
47846,1684,0
47364,15865,0
47364,15611,0
47364,15228,0
47364,15212,0
47364,15203,0
47364,15189,0
47364,15151,0
47364,15141,0
47364,12002,0
47364,11093,0
47364,23710,0
47364,24491,0
47364,25719,0
47364,29775,0
47846,1670,0
47846,1276,0
47846,1266,0
47846,887,0
47846,790,0
47846,788,0
47846,774,0
47846,770,0
47846,768,0
47846,766,0
47846,756,0
47846,742,0
47846,740,0
47846,421,0
47846,407,0
47364,44404,0
47364,42272,0
47364,38958,0
47364,36004,0
47364,35999,0
47364,29877,0
4820,887,0
4820,1266,0
4820,1276,0
48410,5011,0
48410,15228,0
48410,15212,0
48410,15203,0
48410,15189,0
48410,15151,0
48410,15141,0
48410,12002,0
48410,11093,0
48410,8183,0
48410,7490,0
48410,5007,0
48410,774,0
48410,4753,0
48410,2194,0
48410,2184,0
48410,1714,0
48410,1684,0
48410,1670,0
48410,1276,0
48410,1266,0
48410,887,0
48410,790,0
48410,15611,0
48410,15865,0
48410,19571,0
48410,19573,0
48816,740,0
48816,421,0
48816,407,0
48410,42272,0
48410,38958,0
48410,35999,0
48410,29877,0
48410,29775,0
48410,25719,0
48410,24491,0
48410,23710,0
48410,23680,0
48410,23582,0
48410,21638,0
48410,21576,0
48410,20636,0
48410,20522,0
48410,20224,0
48410,19928,0
48410,19924,0
48410,19776,0
48410,788,0
48410,770,0
4820,1670,0
4820,15141,0
4820,19776,0
4820,19573,0
4820,19571,0
4820,15865,0
4820,15611,0
4820,15228,0
4820,15212,0
4820,15203,0
4820,15189,0
4820,15151,0
4820,12002,0
48410,768,0
4820,11093,0
4820,8183,0
4820,7490,0
4820,5314,0
4820,5011,0
4820,5007,0
4820,4753,0
4820,2194,0
4820,1714,0
4820,1684,0
4820,19924,0
4820,19928,0
4820,20224,0
4820,20522,0
48410,766,0
48410,756,0
48410,742,0
48410,740,0
48410,421,0
48410,407,0
4820,44404,0
4820,42272,0
4820,38958,0
4820,36004,0
4820,35999,0
4820,29877,0
4820,29775,0
4820,25719,0
4820,24491,0
4820,23710,0
4820,23680,0
4820,23582,0
4820,21638,0
4820,21576,0
4820,20636,0
6467,742,0
6467,756,0
6467,766,0
8884,5007,0
8884,15212,0
8884,15203,0
8884,15189,0
8884,15151,0
8884,15141,0
8884,12002,0
8884,11093,0
8884,8183,0
8884,5314,0
8884,5011,0
8884,4753,0
8884,15611,0
8884,2184,0
8884,1714,0
8884,1684,0
8884,1670,0
8884,1276,0
8884,1266,0
8884,887,0
8884,790,0
8884,788,0
8884,774,0
8884,15228,0
8884,15865,0
6467,768,0
8884,23710,0
9174,407,0
8884,44404,0
8884,42272,0
8884,38958,0
8884,36004,0
8884,35999,0
8884,29877,0
8884,29775,0
8884,25719,0
8884,24491,0
8884,23680,0
8884,19571,0
8884,23582,0
8884,21638,0
8884,21576,0
8884,20636,0
8884,20522,0
8884,20224,0
8884,19928,0
8884,19924,0
8884,19776,0
8884,19573,0
8884,770,0
8884,768,0
8884,766,0
8623,11093,0
8623,19571,0
8623,15865,0
8623,15611,0
8623,15228,0
8623,15212,0
8623,15203,0
8623,15189,0
8623,15151,0
8623,15141,0
8623,12002,0
8623,8183,0
8884,756,0
8623,5314,0
8623,5007,0
8623,2194,0
8623,1714,0
8623,1684,0
8623,1670,0
8623,1276,0
8623,1266,0
8623,887,0
8623,790,0
8623,19573,0
8623,19776,0
8623,19924,0
8623,19928,0
8884,742,0
8884,740,0
8884,421,0
8884,407,0
8623,44404,0
8623,42272,0
8623,38958,0
8623,36004,0
8623,35999,0
8623,29877,0
8623,29775,0
8623,25719,0
8623,24491,0
8623,23710,0
8623,23680,0
8623,23582,0
8623,21638,0
8623,21576,0
8623,20636,0
8623,20522,0
8623,20224,0
9174,421,0
9174,740,0
9174,742,0
9271,4753,0
9271,15203,0
9271,15189,0
9271,15151,0
9271,15141,0
9271,12002,0
9271,11093,0
9271,8183,0
9271,7490,0
9271,5314,0
9271,5007,0
9271,2194,0
9271,766,0
9271,1714,0
9271,1684,0
9271,1670,0
9271,1276,0
9271,1266,0
9271,887,0
9271,790,0
9271,788,0
9271,774,0
9271,770,0
9271,15212,0
9271,15228,0
9271,15611,0
9271,15865,0
9271,42272,0
9271,38958,0
9271,36004,0
9271,35999,0
9271,29877,0
9271,29775,0
9271,25719,0
9271,24491,0
9271,23710,0
9271,23680,0
9271,23582,0
9271,21638,0
9271,21576,0
9271,20636,0
9271,20522,0
9271,20224,0
9271,19928,0
9271,19924,0
9271,19776,0
9271,19573,0
9271,19571,0
9271,768,0
9271,756,0
9174,756,0
9174,8183,0
9174,15865,0
9174,15611,0
9174,15228,0
9174,15212,0
9174,15203,0
9174,15189,0
9174,15151,0
9174,15141,0
9174,12002,0
9174,11093,0
9174,7490,0
9271,742,0
9174,5007,0
9174,2194,0
9174,1714,0
9174,1684,0
9174,1670,0
9174,1276,0
9174,887,0
9174,790,0
9174,768,0
9174,766,0
9174,19571,0
9174,19573,0
9174,19776,0
9174,19924,0
9271,740,0
9271,421,0
9271,407,0
9174,44404,0
9174,42272,0
9174,38958,0
9174,36004,0
9174,35999,0
9174,29877,0
9174,29775,0
9174,25719,0
9174,24491,0
9174,23710,0
9174,23680,0
9174,23582,0
9174,21638,0
9174,21576,0
9174,20636,0
9174,20522,0
9174,20224,0
9174,19928,0
8623,788,0
8623,774,0
8623,768,0
7538,1684,0
7538,12002,0
7538,11093,0
7538,8183,0
7538,7490,0
7538,5314,0
7538,5011,0
7538,5007,0
7538,4753,0
7538,2194,0
7538,1714,0
7538,1670,0
7538,421,0
7538,1276,0
7538,1266,0
7538,887,0
7538,790,0
7538,788,0
7538,774,0
7538,768,0
7538,766,0
7538,756,0
7538,742,0
7538,15141,0
7538,15151,0
7538,15189,0
7538,15203,0
7538,29877,0
7538,29775,0
7538,25719,0
7538,24491,0
7538,23710,0
7538,23680,0
7538,23582,0
7538,21638,0
7538,21576,0
7538,20636,0
7538,20522,0
7538,20224,0
7538,19928,0
7538,19924,0
7538,19776,0
7538,19573,0
7538,19571,0
7538,15865,0
7538,15611,0
7538,15228,0
7538,15212,0
7538,740,0
7538,407,0
7538,36004,0
6467,2194,0
6467,15203,0
6467,15189,0
6467,15151,0
6467,15141,0
6467,12002,0
6467,11093,0
6467,8183,0
6467,7490,0
6467,5011,0
6467,5007,0
6467,2184,0
6467,44404,0
6467,1714,0
6467,1684,0
6467,1670,0
6467,1276,0
6467,1266,0
6467,887,0
6467,790,0
6467,788,0
6467,774,0
6467,770,0
6467,15212,0
6467,15228,0
6467,15611,0
6467,15865,0
6467,42272,0
6467,38958,0
6467,36004,0
6467,35999,0
6467,29877,0
6467,29775,0
6467,25719,0
6467,24491,0
6467,23710,0
6467,23680,0
6467,23582,0
6467,21638,0
6467,21576,0
6467,20636,0
6467,20522,0
6467,20224,0
6467,19928,0
6467,19924,0
6467,19776,0
6467,19573,0
6467,19571,0
7538,35999,0
7538,38958,0
8623,766,0
8448,766,0
8448,12002,0
8448,11093,0
8448,8183,0
8448,2194,0
8448,1684,0
8448,1670,0
8448,1276,0
8448,1266,0
8448,887,0
8448,768,0
8448,756,0
7989,25719,0
8448,742,0
8448,740,0
8448,421,0
8448,407,0
7989,44404,0
7989,42272,0
7989,38958,0
7989,36004,0
7989,35999,0
7989,29877,0
8448,15151,0
8448,15189,0
8448,15203,0
8448,15865,0
8623,756,0
8623,742,0
8623,740,0
8623,421,0
8623,407,0
8448,42272,0
8448,38958,0
8448,35999,0
8448,29877,0
8448,29775,0
8448,25719,0
8448,23680,0
8448,23582,0
8448,21638,0
8448,21576,0
8448,20636,0
8448,20522,0
8448,19924,0
8448,19776,0
8448,19573,0
8448,19571,0
7989,29775,0
7989,24491,0
7538,42272,0
7989,790,0
7989,5007,0
7989,4753,0
7989,2194,0
7989,2184,0
7989,1714,0
7989,1684,0
7989,1670,0
7989,1276,0
7989,1266,0
7989,887,0
7989,788,0
7989,23710,0
7989,774,0
7989,770,0
7989,768,0
7989,766,0
7989,756,0
7989,742,0
7989,740,0
7989,421,0
7989,407,0
7538,44404,0
7989,5011,0
7989,5314,0
7989,8183,0
7989,11093,0
7989,23680,0
7989,23582,0
7989,21638,0
7989,21576,0
7989,20636,0
7989,20522,0
7989,20224,0
7989,19928,0
7989,19924,0
7989,19776,0
7989,19573,0
7989,19571,0
7989,15865,0
7989,15611,0
7989,15228,0
7989,15212,0
7989,15203,0
7989,15189,0
7989,15151,0
7989,15141,0
7989,12002,0
47364,8183,0
47364,7490,0
47364,5314,0
41718,42272,0
41863,774,0
41863,770,0
41863,768,0
41863,766,0
41863,756,0
41863,742,0
41863,740,0
41863,421,0
41863,407,0
41718,44404,0
41718,38958,0
41863,887,0
41718,35999,0
41718,29877,0
41718,29775,0
41718,25719,0
41718,24491,0
41718,23710,0
41718,23680,0
41718,23582,0
41718,21638,0
41718,21576,0
41863,790,0
41863,1266,0
4301,15611,0
41863,12002,0
41863,19573,0
41863,19571,0
41863,15865,0
41863,15611,0
41863,15228,0
41863,15212,0
41863,15203,0
41863,15189,0
41863,15151,0
41863,15141,0
41863,11093,0
41863,1276,0
41863,8183,0
41863,7490,0
41863,5314,0
41863,5011,0
41863,5007,0
41863,4753,0
41863,2194,0
41863,1714,0
41863,1684,0
41863,1670,0
41718,20636,0
41718,20522,0
41718,20224,0
41718,407,0
41718,790,0
41718,788,0
41718,774,0
41718,770,0
41718,768,0
41718,766,0
41718,756,0
41718,742,0
41718,740,0
41718,421,0
4121,44404,0
41718,19928,0
4121,42272,0
4121,38958,0
4121,36004,0
4121,35999,0
4121,29877,0
4121,29775,0
4121,25719,0
4121,24491,0
4121,23710,0
4121,23680,0
41718,887,0
41718,1266,0
41718,1276,0
41718,1670,0
41718,19924,0
41718,19776,0
41718,19573,0
41718,19571,0
41718,15865,0
41718,15611,0
41718,15228,0
41718,15203,0
41718,15189,0
41718,15151,0
41718,15141,0
41718,12002,0
41718,11093,0
41718,8183,0
41718,7490,0
41718,5314,0
41718,5011,0
41718,5007,0
41718,2194,0
41718,1714,0
41718,1684,0
41863,19776,0
41863,19924,0
41863,19928,0
42887,25719,0
4301,766,0
4301,756,0
4301,742,0
4301,740,0
42887,44404,0
42887,42272,0
42887,38958,0
42887,35999,0
42887,29877,0
42887,29775,0
42887,24491,0
42887,19573,0
42887,23710,0
42887,23680,0
42887,23582,0
42887,21638,0
42887,21576,0
42887,20636,0
42887,20522,0
42887,20224,0
42887,19928,0
42887,19924,0
4301,768,0
4301,770,0
4301,774,0
4301,788,0
4301,15212,0
4301,15203,0
4301,15189,0
4301,15151,0
4301,15141,0
4301,12002,0
4301,11093,0
4301,8183,0
4301,7490,0
4301,5314,0
4301,5011,0
4301,5007,0
4301,4753,0
4301,2194,0
4301,2184,0
4301,1714,0
4301,1684,0
4301,1670,0
4301,1276,0
4301,887,0
4301,790,0
42887,19776,0
42887,19571,0
41863,20224,0
41863,35999,0
42887,768,0
42887,766,0
42887,756,0
42887,742,0
42887,740,0
42887,421,0
42887,407,0
41863,44404,0
41863,42272,0
41863,38958,0
41863,29877,0
42887,15865,0
41863,29775,0
41863,25719,0
41863,24491,0
41863,23710,0
41863,23680,0
41863,23582,0
41863,21638,0
41863,21576,0
41863,20636,0
41863,20522,0
42887,770,0
42887,774,0
42887,788,0
42887,790,0
42887,15611,0
42887,15228,0
42887,15203,0
42887,15189,0
42887,15151,0
42887,15141,0
42887,12002,0
42887,11093,0
42887,8183,0
42887,7490,0
42887,5011,0
42887,5007,0
42887,4753,0
42887,2194,0
42887,2184,0
42887,1714,0
42887,1684,0
42887,1670,0
42887,1276,0
42887,1266,0
42887,887,0
4121,23582,0
4121,21638,0
4121,21576,0
40959,887,0
40959,5011,0
40959,5007,0
40959,4753,0
40959,2194,0
40959,2184,0
40959,1714,0
40959,1684,0
40959,1670,0
40959,1276,0
40959,1266,0
40959,790,0
40592,38958,0
40959,774,0
40959,770,0
40959,768,0
40959,766,0
40959,756,0
40959,742,0
40959,740,0
40959,421,0
40959,407,0
40592,44404,0
40959,5314,0
40959,7490,0
40959,8183,0
40959,11093,0
40959,23710,0
40959,23680,0
40959,23582,0
40959,21638,0
40959,21576,0
40959,20636,0
40959,20522,0
40959,20224,0
40959,19928,0
40959,19924,0
40959,19776,0
40959,19573,0
40959,19571,0
40959,15865,0
40959,15611,0
40959,15228,0
40959,15203,0
40959,15189,0
40959,15151,0
40959,15141,0
40959,12002,0
40592,42272,0
40592,36004,0
40959,25719,0
40592,1266,0
40592,7490,0
40592,5011,0
40592,5007,0
40592,4753,0
40592,2194,0
40592,2184,0
40592,1714,0
40592,1684,0
40592,1670,0
40592,1276,0
40592,887,0
40592,35999,0
40592,790,0
40592,788,0
40592,774,0
40592,770,0
40592,768,0
40592,766,0
40592,756,0
40592,742,0
40592,740,0
40592,421,0
40592,8183,0
40592,11093,0
40592,12002,0
40592,15141,0
40592,29775,0
40592,25719,0
40592,24491,0
40592,23710,0
40592,23680,0
40592,21638,0
40592,21576,0
40592,20636,0
40592,20522,0
40592,20224,0
40592,19928,0
40592,19924,0
40592,19776,0
40592,19573,0
40592,19571,0
40592,15865,0
40592,15611,0
40592,15228,0
40592,15203,0
40592,15189,0
40592,15151,0
40959,24491,0
40959,29775,0
4121,20636,0
4121,756,0
4121,1684,0
4121,1670,0
4121,1276,0
4121,1266,0
4121,887,0
4121,790,0
4121,788,0
4121,774,0
4121,768,0
4121,766,0
4121,742,0
41065,23710,0
4121,740,0
4121,407,0
41065,44404,0
41065,42272,0
41065,38958,0
41065,36004,0
41065,35999,0
41065,29877,0
41065,29775,0
41065,25719,0
4121,1714,0
4121,2194,0
4121,4753,0
4121,5007,0
4121,20522,0
4121,20224,0
4121,19928,0
4121,19924,0
4121,19776,0
4121,19573,0
4121,19571,0
4121,15865,0
4121,15611,0
4121,15228,0
4121,15212,0
4121,15203,0
4121,15189,0
4121,15151,0
4121,15141,0
4121,12002,0
4121,11093,0
4121,8183,0
4121,7490,0
4121,5314,0
4121,5011,0
41065,24491,0
41065,23680,0
40959,29877,0
41065,768,0
41065,2184,0
41065,1714,0
41065,1684,0
41065,1670,0
41065,1276,0
41065,1266,0
41065,887,0
41065,790,0
41065,788,0
41065,774,0
41065,766,0
41065,23582,0
41065,756,0
41065,742,0
41065,740,0
41065,421,0
41065,407,0
40959,44404,0
40959,42272,0
40959,38958,0
40959,36004,0
40959,35999,0
41065,2194,0
41065,4753,0
41065,5007,0
41065,5011,0
41065,21638,0
41065,21576,0
41065,20636,0
41065,20522,0
41065,20224,0
41065,19928,0
41065,19924,0
41065,19776,0
41065,19573,0
41065,19571,0
41065,15865,0
30564,774,0
41065,15228,0
41065,15203,0
41065,15189,0
41065,15151,0
41065,15141,0
41065,12002,0
41065,11093,0
41065,8183,0
41065,7490,0
4301,15228,0
4301,15865,0
47364,5011,0
4495,21576,0
4495,36004,0
4495,35999,0
4495,29877,0
4495,29775,0
4495,25719,0
4495,24491,0
4495,23710,0
4495,23680,0
4495,23582,0
4495,21638,0
4495,20636,0
4495,42272,0
4495,19776,0
4495,19573,0
4495,19571,0
4495,15865,0
4495,15611,0
4495,15203,0
4495,15151,0
4495,15141,0
4495,11093,0
4495,8183,0
4495,38958,0
4495,44404,0
4301,19571,0
45910,1266,0
45910,5314,0
45910,5011,0
45910,5007,0
45910,4753,0
45910,2194,0
45910,2184,0
45910,1714,0
45910,1684,0
45910,1670,0
45910,1276,0
45910,887,0
45910,407,0
45910,790,0
45910,788,0
45910,774,0
45910,770,0
45910,768,0
45910,766,0
45910,756,0
45910,742,0
45910,740,0
45910,421,0
4495,5011,0
4495,5007,0
4495,2194,0
44750,15228,0
44750,20636,0
44750,20522,0
44750,20224,0
44750,19928,0
44750,19924,0
44750,19776,0
44750,19573,0
44750,19571,0
44750,15865,0
44750,15611,0
44750,15212,0
4495,1714,0
44750,15203,0
44750,15189,0
44750,15151,0
44750,15141,0
44750,12002,0
44750,11093,0
44750,8183,0
44750,7490,0
44750,5314,0
44750,5011,0
44750,21576,0
44750,21638,0
44750,23582,0
44750,23680,0
4495,1684,0
4495,1670,0
4495,1276,0
4495,1266,0
4495,790,0
4495,774,0
4495,770,0
4495,768,0
4495,766,0
4495,756,0
4495,742,0
4495,740,0
4495,421,0
44750,42272,0
44750,38958,0
44750,35999,0
44750,29877,0
44750,29775,0
44750,25719,0
44750,24491,0
44750,23710,0
45910,7490,0
45910,8183,0
45910,11093,0
4695,20522,0
4695,29877,0
4695,29775,0
4695,25719,0
4695,24491,0
4695,23710,0
4695,23680,0
4695,23582,0
4695,21638,0
4695,21576,0
4695,20636,0
4695,20224,0
4695,15151,0
4695,19928,0
4695,19924,0
4695,19776,0
4695,19573,0
4695,19571,0
4695,15865,0
4695,15611,0
4695,15228,0
4695,15212,0
4695,15203,0
4695,35999,0
4695,36004,0
4695,38958,0
4695,42272,0
47364,5007,0
47364,4753,0
47364,2194,0
47364,2184,0
47364,1714,0
47364,1684,0
47364,1670,0
47364,1276,0
47364,1266,0
47364,887,0
47364,790,0
47364,774,0
47364,770,0
47364,768,0
47364,766,0
47364,756,0
47364,742,0
47364,740,0
47364,421,0
47364,407,0
4695,44404,0
4695,15189,0
4695,15141,0
45910,12002,0
45910,19924,0
45910,24491,0
45910,23710,0
45910,23680,0
45910,23582,0
45910,21638,0
45910,21576,0
45910,20636,0
45910,20522,0
45910,20224,0
45910,19928,0
45910,19776,0
4695,12002,0
45910,19573,0
45910,19571,0
45910,15865,0
45910,15611,0
45910,15228,0
45910,15212,0
45910,15203,0
45910,15189,0
45910,15151,0
45910,15141,0
45910,25719,0
45910,29775,0
45910,29877,0
45910,35999,0
4695,8183,0
4695,7490,0
4695,5314,0
4695,5007,0
4695,2184,0
4695,1714,0
4695,1684,0
4695,1670,0
4695,1276,0
4695,887,0
4695,790,0
4695,774,0
4695,768,0
4695,766,0
4695,756,0
4695,742,0
4695,740,0
4695,421,0
4695,407,0
45910,42272,0
45910,38958,0
44750,5007,0
44750,4753,0
44750,2194,0
43175,21576,0
43175,38958,0
43175,35999,0
43175,29877,0
43175,29775,0
43175,25719,0
43175,24491,0
43175,23710,0
43175,23680,0
43175,23582,0
43175,21638,0
43175,20636,0
43175,15189,0
43175,20522,0
43175,20224,0
43175,19928,0
43175,19924,0
43175,19776,0
43175,19573,0
43175,19571,0
43175,15865,0
43175,15611,0
43175,15228,0
43175,42272,0
43175,44404,0
43600,407,0
43600,421,0
43600,5314,0
43600,5011,0
43600,5007,0
43600,4753,0
43600,2194,0
43600,2184,0
43600,1714,0
43600,1684,0
43600,1670,0
43600,1276,0
43600,1266,0
43600,887,0
43600,790,0
43600,788,0
43600,774,0
43600,770,0
43600,768,0
43600,766,0
43600,756,0
43600,742,0
43600,740,0
43175,15203,0
43175,15151,0
43600,8183,0
4301,23710,0
43175,407,0
4301,44404,0
4301,42272,0
4301,38958,0
4301,36004,0
4301,35999,0
4301,29877,0
4301,29775,0
4301,25719,0
4301,24491,0
4301,23680,0
43175,15141,0
4301,23582,0
4301,21638,0
4301,21576,0
4301,20636,0
4301,20522,0
4301,20224,0
4301,19928,0
4301,19924,0
4301,19776,0
4301,19573,0
43175,421,0
43175,740,0
43175,742,0
43175,756,0
43175,12002,0
43175,11093,0
43175,8183,0
43175,7490,0
43175,5011,0
43175,5007,0
43175,4753,0
43175,2194,0
43175,2184,0
43175,1714,0
43175,1684,0
43175,1670,0
43175,1276,0
43175,1266,0
43175,887,0
43175,790,0
43175,788,0
43175,774,0
43175,770,0
43175,768,0
43175,766,0
43600,7490,0
43600,11093,0
44750,1714,0
44128,19573,0
44128,23680,0
44128,23582,0
44128,21638,0
44128,21576,0
44128,20636,0
44128,20522,0
44128,20224,0
44128,19928,0
44128,19924,0
44128,19776,0
44128,19571,0
44128,5011,0
44128,15865,0
44128,15611,0
44128,15228,0
44128,15203,0
44128,15189,0
44128,15151,0
44128,15141,0
44128,12002,0
44128,11093,0
44128,8183,0
44128,23710,0
44128,24491,0
44128,25719,0
44128,29775,0
44750,1684,0
44750,1670,0
44750,1276,0
44750,1266,0
44750,887,0
44750,790,0
44750,788,0
44750,774,0
44750,770,0
44750,768,0
44750,766,0
44750,756,0
44750,742,0
44750,740,0
44750,421,0
44750,407,0
44128,42272,0
44128,38958,0
44128,36004,0
44128,35999,0
44128,29877,0
44128,7490,0
44128,5007,0
43600,12002,0
43600,19928,0
43600,25719,0
43600,24491,0
43600,23710,0
43600,23680,0
43600,23582,0
43600,21638,0
43600,21576,0
43600,20636,0
43600,20522,0
43600,20224,0
43600,19924,0
44128,4753,0
43600,19776,0
43600,19573,0
43600,19571,0
43600,15865,0
43600,15611,0
43600,15228,0
43600,15203,0
43600,15189,0
43600,15151,0
43600,15141,0
43600,29775,0
43600,29877,0
43600,35999,0
43600,38958,0
44128,2194,0
44128,2184,0
44128,1714,0
44128,1684,0
44128,1670,0
44128,1276,0
44128,1266,0
44128,887,0
44128,790,0
44128,788,0
44128,774,0
44128,770,0
44128,768,0
44128,766,0
44128,756,0
44128,742,0
44128,740,0
44128,421,0
44128,407,0
43600,44404,0
43600,42272,0
30564,788,0
29186,15151,0
30564,770,0
15532,11093,0
15532,19573,0
15532,19571,0
15532,15865,0
15532,15228,0
15532,15212,0
15532,15203,0
15532,15189,0
15532,15151,0
15532,15141,0
15532,12002,0
15532,8183,0
15532,19924,0
15532,5011,0
15532,5007,0
15532,2194,0
15532,1714,0
15532,1684,0
15532,1670,0
15532,1276,0
15532,1266,0
15532,887,0
15532,790,0
15532,19776,0
15532,19928,0
15532,774,0
15532,35999,0
1557,768,0
1557,766,0
1557,756,0
1557,740,0
1557,421,0
1557,407,0
15532,44404,0
15532,42272,0
15532,38958,0
15532,36004,0
15532,29877,0
15532,20224,0
15532,29775,0
15532,25719,0
15532,24491,0
15532,23710,0
15532,23680,0
15532,23582,0
15532,21638,0
15532,21576,0
15532,20636,0
15532,20522,0
15532,788,0
15532,770,0
1349,11093,0
15529,12002,0
15529,19573,0
15529,19571,0
15529,15865,0
15529,15611,0
15529,15228,0
15529,15212,0
15529,15203,0
15529,15189,0
15529,15151,0
15529,15141,0
15529,11093,0
15529,19924,0
15529,8183,0
15529,7490,0
15529,5011,0
15529,5007,0
15529,4753,0
15529,2194,0
15529,2184,0
15529,1714,0
15529,1684,0
15529,1670,0
15529,19776,0
15529,19928,0
15532,768,0
15529,35999,0
15532,766,0
15532,756,0
15532,742,0
15532,740,0
15532,421,0
15532,407,0
15529,44404,0
15529,42272,0
15529,38958,0
15529,36004,0
15529,29877,0
15529,20224,0
15529,29775,0
15529,25719,0
15529,24491,0
15529,23710,0
15529,23680,0
15529,23582,0
15529,21638,0
15529,21576,0
15529,20636,0
15529,20522,0
1557,790,0
1557,887,0
1557,1276,0
15622,19571,0
15622,23582,0
15622,21638,0
15622,21576,0
15622,20636,0
15622,20522,0
15622,20224,0
15622,19928,0
15622,19924,0
15622,19776,0
15622,19573,0
15622,15865,0
15622,23710,0
15622,15611,0
15622,15228,0
15622,15212,0
15622,15203,0
15622,15189,0
15622,15151,0
15622,15141,0
15622,12002,0
15622,11093,0
15622,8183,0
15622,23680,0
15622,24491,0
1557,1684,0
15869,756,0
15869,1670,0
15869,1276,0
15869,1266,0
15869,887,0
15869,790,0
15869,788,0
15869,774,0
15869,770,0
15869,768,0
15869,766,0
15869,742,0
15622,25719,0
15869,740,0
15869,421,0
15869,407,0
15622,44404,0
15622,42272,0
15622,38958,0
15622,36004,0
15622,35999,0
15622,29877,0
15622,29775,0
15622,7490,0
15622,5011,0
15622,5007,0
1557,15611,0
1557,23680,0
1557,23582,0
1557,21576,0
1557,20522,0
1557,20224,0
1557,19924,0
1557,19776,0
1557,19573,0
1557,19571,0
1557,15865,0
1557,15228,0
15622,2194,0
1557,15203,0
1557,15189,0
1557,15151,0
1557,15141,0
1557,12002,0
1557,11093,0
1557,8183,0
1557,5007,0
1557,2194,0
1557,1714,0
1557,25719,0
1557,29775,0
1557,29877,0
1557,35999,0
15622,2184,0
15622,1714,0
15622,1684,0
15622,1670,0
15622,1276,0
15622,1266,0
15622,887,0
15622,790,0
15622,788,0
15622,774,0
15622,770,0
15622,768,0
15622,766,0
15622,756,0
15622,742,0
15622,740,0
15622,421,0
15622,407,0
1557,44404,0
1557,42272,0
1557,38958,0
15529,1276,0
15529,1266,0
15529,887,0
14418,15865,0
14418,21638,0
14418,21576,0
14418,20636,0
14418,20522,0
14418,20224,0
14418,19928,0
14418,19924,0
14418,19776,0
14418,19573,0
14418,19571,0
14418,15611,0
14418,23680,0
14418,15212,0
14418,15203,0
14418,15189,0
14418,15151,0
14418,12002,0
14418,11093,0
14418,8183,0
14418,7490,0
14418,5314,0
14418,5011,0
14418,23582,0
14418,23710,0
14689,1714,0
14689,742,0
14689,1670,0
14689,1276,0
14689,1266,0
14689,887,0
14689,790,0
14689,788,0
14689,774,0
14689,768,0
14689,766,0
14689,756,0
14689,740,0
14418,24491,0
14689,421,0
14689,407,0
14418,44404,0
14418,42272,0
14418,38958,0
14418,36004,0
14418,35999,0
14418,29877,0
14418,29775,0
14418,25719,0
14418,5007,0
14418,4753,0
14418,2194,0
1349,19924,0
1349,24491,0
1349,23710,0
1349,23680,0
1349,23582,0
1349,21638,0
1349,21576,0
1349,20636,0
1349,20522,0
1349,20224,0
1349,19928,0
1349,19776,0
14418,2184,0
1349,19573,0
1349,19571,0
1349,15865,0
1349,15611,0
1349,15228,0
1349,15212,0
1349,15203,0
1349,15189,0
1349,15151,0
1349,15141,0
1349,25719,0
1349,29775,0
1349,29877,0
1349,35999,0
14418,1714,0
14418,1684,0
14418,1670,0
14418,1276,0
14418,1266,0
14418,887,0
14418,790,0
14418,788,0
14418,774,0
14418,770,0
14418,768,0
14418,766,0
14418,756,0
14418,742,0
14418,740,0
14418,421,0
14418,407,0
1349,44404,0
1349,42272,0
1349,38958,0
1349,36004,0
14689,1684,0
14689,2184,0
15529,790,0
14964,15203,0
14964,20224,0
14964,19928,0
14964,19924,0
14964,19776,0
14964,19573,0
14964,19571,0
14964,15865,0
14964,15611,0
14964,15228,0
14964,15212,0
14964,15189,0
14964,20636,0
14964,15151,0
14964,15141,0
14964,12002,0
14964,11093,0
14964,8183,0
14964,7490,0
14964,5314,0
14964,5011,0
14964,5007,0
14964,4753,0
14964,20522,0
14964,21576,0
14689,2194,0
14964,44404,0
15529,788,0
15529,774,0
15529,770,0
15529,768,0
15529,766,0
15529,756,0
15529,742,0
15529,740,0
15529,421,0
15529,407,0
14964,42272,0
14964,21638,0
14964,38958,0
14964,36004,0
14964,35999,0
14964,29877,0
14964,29775,0
14964,25719,0
14964,24491,0
14964,23710,0
14964,23680,0
14964,23582,0
14964,2194,0
14964,2184,0
14964,1714,0
14689,15865,0
14689,21638,0
14689,21576,0
14689,20636,0
14689,20522,0
14689,20224,0
14689,19928,0
14689,19924,0
14689,19776,0
14689,19573,0
14689,19571,0
14689,15212,0
14964,1684,0
14689,15203,0
14689,15189,0
14689,15151,0
14689,15141,0
14689,12002,0
14689,11093,0
14689,8183,0
14689,7490,0
14689,5314,0
14689,5007,0
14689,23582,0
14689,23680,0
14689,23710,0
14689,24491,0
14964,1670,0
14964,1276,0
14964,1266,0
14964,887,0
14964,790,0
14964,788,0
14964,774,0
14964,768,0
14964,766,0
14964,756,0
14964,742,0
14964,740,0
14964,421,0
14964,407,0
14689,44404,0
14689,42272,0
14689,38958,0
14689,35999,0
14689,29877,0
14689,29775,0
14689,25719,0
15869,1684,0
15869,1714,0
15869,2184,0
17133,7490,0
17133,15611,0
17133,15228,0
17133,15212,0
17133,15203,0
17133,15189,0
17133,15151,0
17133,15141,0
17133,12002,0
17133,11093,0
17133,8183,0
17133,5314,0
17133,19571,0
17133,5007,0
17133,2194,0
17133,2184,0
17133,1714,0
17133,1684,0
17133,1670,0
17133,1276,0
17133,1266,0
17133,887,0
17133,790,0
17133,15865,0
17133,19573,0
17552,756,0
17133,25719,0
17552,740,0
17552,421,0
17552,407,0
17133,44404,0
17133,42272,0
17133,38958,0
17133,36004,0
17133,35999,0
17133,29877,0
17133,29775,0
17133,24491,0
17133,19776,0
17133,23710,0
17133,23680,0
17133,23582,0
17133,21638,0
17133,21576,0
17133,20636,0
17133,20522,0
17133,20224,0
17133,19928,0
17133,19924,0
17133,788,0
17133,774,0
17133,770,0
1712,15141,0
1712,19776,0
1712,19573,0
1712,19571,0
1712,15865,0
1712,15611,0
1712,15228,0
1712,15212,0
1712,15203,0
1712,15189,0
1712,15151,0
1712,12002,0
17133,768,0
1712,11093,0
1712,8183,0
1712,7490,0
1712,5011,0
1712,5007,0
1712,2194,0
1712,1714,0
1712,1684,0
1712,1670,0
1712,887,0
1712,19924,0
1712,19928,0
1712,20224,0
1712,20522,0
17133,766,0
17133,756,0
17133,742,0
17133,740,0
17133,421,0
17133,407,0
1712,44404,0
1712,42272,0
1712,38958,0
1712,36004,0
1712,35999,0
1712,29877,0
1712,29775,0
1712,25719,0
1712,24491,0
1712,23710,0
1712,23680,0
1712,23582,0
1712,21638,0
1712,21576,0
1712,20636,0
17552,742,0
17552,766,0
1712,788,0
17922,7490,0
17922,15611,0
17922,15228,0
17922,15212,0
17922,15203,0
17922,15189,0
17922,15151,0
17922,15141,0
17922,12002,0
17922,11093,0
17922,8183,0
17922,5314,0
17922,19571,0
17922,5011,0
17922,5007,0
17922,2194,0
17922,2184,0
17922,1714,0
17922,1684,0
17922,1670,0
17922,1276,0
17922,1266,0
17922,887,0
17922,15865,0
17922,19573,0
17552,768,0
17922,25719,0
18268,740,0
18268,421,0
18268,407,0
17922,44404,0
17922,42272,0
17922,38958,0
17922,36004,0
17922,35999,0
17922,29877,0
17922,29775,0
17922,24491,0
17922,19776,0
17922,23710,0
17922,23680,0
17922,23582,0
17922,21638,0
17922,21576,0
17922,20636,0
17922,20522,0
17922,20224,0
17922,19928,0
17922,19924,0
17922,790,0
17922,788,0
17922,774,0
17552,8183,0
17552,19573,0
17552,19571,0
17552,15865,0
17552,15611,0
17552,15203,0
17552,15189,0
17552,15151,0
17552,15141,0
17552,12002,0
17552,11093,0
17552,7490,0
17922,770,0
17552,5007,0
17552,2194,0
17552,1714,0
17552,1684,0
17552,1670,0
17552,1276,0
17552,1266,0
17552,887,0
17552,790,0
17552,774,0
17552,19776,0
17552,19924,0
17552,20224,0
17552,20522,0
17922,768,0
17922,766,0
17922,756,0
17922,742,0
17922,740,0
17922,421,0
17922,407,0
17552,44404,0
17552,42272,0
17552,38958,0
17552,36004,0
17552,35999,0
17552,29877,0
17552,29775,0
17552,25719,0
17552,24491,0
17552,23680,0
17552,23582,0
17552,21638,0
17552,21576,0
17552,20636,0
1712,790,0
1712,774,0
15869,2194,0
16226,15141,0
16226,19924,0
16226,19776,0
16226,19573,0
16226,19571,0
16226,15865,0
16226,15611,0
16226,15228,0
16226,15203,0
16226,15189,0
16226,15151,0
16226,12002,0
16226,20224,0
16226,11093,0
16226,8183,0
16226,7490,0
16226,5011,0
16226,5007,0
16226,2194,0
16226,2184,0
16226,1714,0
16226,1684,0
16226,1670,0
16226,19928,0
16226,20522,0
16267,788,0
16226,38958,0
16267,770,0
16267,768,0
16267,766,0
16267,756,0
16267,742,0
16267,740,0
16267,421,0
16267,407,0
16226,44404,0
16226,42272,0
16226,36004,0
16226,20636,0
16226,35999,0
16226,29877,0
16226,29775,0
16226,25719,0
16226,24491,0
16226,23710,0
16226,23680,0
16226,23582,0
16226,21638,0
16226,21576,0
16226,1276,0
16226,1266,0
16226,887,0
15869,15212,0
15869,20522,0
15869,20224,0
15869,19928,0
15869,19924,0
15869,19776,0
15869,19573,0
15869,19571,0
15869,15865,0
15869,15611,0
15869,15228,0
15869,15203,0
16226,790,0
15869,15189,0
15869,15151,0
15869,15141,0
15869,12002,0
15869,11093,0
15869,8183,0
15869,7490,0
15869,5011,0
15869,5007,0
15869,4753,0
15869,20636,0
15869,21576,0
15869,21638,0
15869,23582,0
16226,788,0
16226,774,0
16226,770,0
16226,768,0
16226,766,0
16226,756,0
16226,742,0
16226,740,0
16226,421,0
16226,407,0
15869,44404,0
15869,42272,0
15869,38958,0
15869,36004,0
15869,35999,0
15869,29877,0
15869,29775,0
15869,25719,0
15869,24491,0
15869,23710,0
15869,23680,0
16267,774,0
16267,790,0
1712,768,0
17096,7490,0
17096,15865,0
17096,15611,0
17096,15212,0
17096,15203,0
17096,15189,0
17096,15151,0
17096,15141,0
17096,12002,0
17096,11093,0
17096,8183,0
17096,5314,0
17096,19573,0
17096,5007,0
17096,2194,0
17096,2184,0
17096,1714,0
17096,1684,0
17096,1670,0
17096,1276,0
17096,1266,0
17096,887,0
17096,790,0
17096,19571,0
17096,19776,0
16267,887,0
17096,29775,0
1712,766,0
1712,742,0
1712,740,0
1712,421,0
1712,407,0
17096,44404,0
17096,42272,0
17096,38958,0
17096,35999,0
17096,29877,0
17096,25719,0
17096,19924,0
17096,24491,0
17096,23710,0
17096,23680,0
17096,23582,0
17096,21638,0
17096,21576,0
17096,20636,0
17096,20522,0
17096,20224,0
17096,19928,0
17096,788,0
17096,774,0
17096,770,0
16267,15141,0
16267,19776,0
16267,19573,0
16267,19571,0
16267,15865,0
16267,15611,0
16267,15228,0
16267,15212,0
16267,15203,0
16267,15189,0
16267,15151,0
16267,12002,0
17096,768,0
16267,11093,0
16267,8183,0
16267,7490,0
16267,5007,0
16267,2194,0
16267,1714,0
16267,1684,0
16267,1670,0
16267,1276,0
16267,1266,0
16267,19924,0
16267,19928,0
16267,20224,0
16267,20522,0
17096,766,0
17096,756,0
17096,742,0
17096,740,0
17096,421,0
17096,407,0
16267,44404,0
16267,42272,0
16267,38958,0
16267,36004,0
16267,35999,0
16267,29877,0
16267,29775,0
16267,25719,0
16267,24491,0
16267,23710,0
16267,23680,0
16267,23582,0
16267,21638,0
16267,21576,0
16267,20636,0
1349,12002,0
1349,8183,0
30564,768,0
12079,19776,0
12079,23710,0
12079,23680,0
12079,23582,0
12079,21638,0
12079,21576,0
12079,20636,0
12079,20522,0
12079,20224,0
12079,19928,0
12079,19924,0
12079,19573,0
12079,25719,0
12079,19571,0
12079,15865,0
12079,15611,0
12079,15228,0
12079,15212,0
12079,15203,0
12079,15189,0
12079,15151,0
12079,15141,0
12079,12002,0
12079,24491,0
12079,29775,0
12079,8183,0
12248,768,0
12248,2194,0
12248,2184,0
12248,1714,0
12248,1684,0
12248,1670,0
12248,1276,0
12248,887,0
12248,790,0
12248,788,0
12248,774,0
12248,766,0
12079,29877,0
12248,756,0
12248,742,0
12248,740,0
12248,421,0
12248,407,0
12079,44404,0
12079,42272,0
12079,38958,0
12079,36004,0
12079,35999,0
12079,11093,0
12079,5314,0
1349,7490,0
12073,19924,0
12073,24491,0
12073,23710,0
12073,23680,0
12073,23582,0
12073,21638,0
12073,21576,0
12073,20636,0
12073,20522,0
12073,20224,0
12073,19928,0
12073,19776,0
12073,35999,0
12073,19573,0
12073,19571,0
12073,15865,0
12073,15611,0
12073,15228,0
12073,15203,0
12073,15189,0
12073,15151,0
12073,15141,0
12073,11093,0
12073,29775,0
12073,38958,0
12079,5011,0
12079,790,0
12079,5007,0
12079,4753,0
12079,2194,0
12079,2184,0
12079,1714,0
12079,1684,0
12079,1670,0
12079,1276,0
12079,1266,0
12079,887,0
12079,788,0
12073,42272,0
12079,774,0
12079,770,0
12079,768,0
12079,766,0
12079,756,0
12079,742,0
12079,740,0
12079,421,0
12079,407,0
12073,44404,0
12248,5007,0
12248,5314,0
12248,8183,0
12258,19928,0
12258,25719,0
12258,24491,0
12258,23710,0
12258,23680,0
12258,23582,0
12258,21638,0
12258,21576,0
12258,20636,0
12258,20522,0
12258,20224,0
12258,19924,0
12258,29877,0
12258,19776,0
12258,19573,0
12258,19571,0
12258,15865,0
12258,15611,0
12258,15228,0
12258,15212,0
12258,15203,0
12258,15189,0
12258,15151,0
12258,29775,0
12258,35999,0
12248,11093,0
12484,774,0
12484,4753,0
12484,2194,0
12484,2184,0
12484,1714,0
12484,1684,0
12484,1670,0
12484,1276,0
12484,1266,0
12484,887,0
12484,790,0
12484,770,0
12258,36004,0
12484,768,0
12484,766,0
12484,756,0
12484,742,0
12484,740,0
12484,421,0
12484,407,0
12258,44404,0
12258,42272,0
12258,38958,0
12258,15141,0
12258,12002,0
12258,11093,0
12248,19776,0
12248,23710,0
12248,23680,0
12248,23582,0
12248,21638,0
12248,21576,0
12248,20636,0
12248,20522,0
12248,20224,0
12248,19928,0
12248,19924,0
12248,19573,0
12258,8183,0
12248,19571,0
12248,15865,0
12248,15611,0
12248,15228,0
12248,15212,0
12248,15203,0
12248,15189,0
12248,15151,0
12248,15141,0
12248,12002,0
12248,24491,0
12248,25719,0
12248,29775,0
12248,29877,0
12258,5007,0
12258,2194,0
12258,1714,0
12258,1684,0
12258,1670,0
12258,1276,0
12258,1266,0
12258,887,0
12258,788,0
12258,774,0
12258,768,0
12258,766,0
12258,756,0
12258,740,0
12258,421,0
12258,407,0
12248,44404,0
12248,42272,0
12248,38958,0
12248,36004,0
12248,35999,0
12073,8183,0
12073,7490,0
12073,5007,0
11297,1276,0
11297,8183,0
11297,7490,0
11297,5314,0
11297,5007,0
11297,4753,0
11297,2194,0
11297,2184,0
11297,1714,0
11297,1684,0
11297,1670,0
11297,1266,0
11297,15141,0
11297,887,0
11297,790,0
11297,788,0
11297,774,0
11297,768,0
11297,766,0
11297,756,0
11297,742,0
11297,740,0
11297,421,0
11297,12002,0
11297,15151,0
11297,42272,0
11297,21576,0
11297,36004,0
11297,35999,0
11297,29877,0
11297,29775,0
11297,25719,0
11297,24491,0
11297,23710,0
11297,23680,0
11297,23582,0
11297,21638,0
11297,20636,0
11297,15203,0
11297,20522,0
11297,20224,0
11297,19928,0
11297,19924,0
11297,19573,0
11297,19571,0
11297,15865,0
11297,15611,0
11297,15228,0
11297,15212,0
11297,407,0
,44404,0
,42272,0
,1684,0
,15141,0
,12002,0
,11093,0
,8183,0
,7490,0
,5011,0
,5007,0
,2194,0
,2184,0
,1714,0
,1670,0
,38958,0
,1276,0
,1266,0
,887,0
,790,0
,774,0
,768,0
,766,0
,756,0
,742,0
,740,0
,15151,0
,15189,0
,15212,0
,15228,0
,36004,0
,35999,0
,29877,0
,29775,0
,25719,0
,24491,0
,23710,0
,23680,0
,23582,0
,21638,0
,21576,0
,20636,0
,20522,0
,20224,0
,19928,0
,19924,0
,19776,0
,19573,0
,19571,0
,15865,0
,15611,0
11297,38958,0
11297,44404,0
12073,2194,0
12067,19776,0
12067,23710,0
12067,23680,0
12067,23582,0
12067,21638,0
12067,21576,0
12067,20636,0
12067,20522,0
12067,20224,0
12067,19928,0
12067,19924,0
12067,19573,0
12067,25719,0
12067,19571,0
12067,15865,0
12067,15611,0
12067,15228,0
12067,15212,0
12067,15203,0
12067,15189,0
12067,15151,0
12067,15141,0
12067,12002,0
12067,24491,0
12067,29775,0
1198,407,0
12073,768,0
12073,2184,0
12073,1714,0
12073,1684,0
12073,1670,0
12073,1276,0
12073,1266,0
12073,887,0
12073,790,0
12073,788,0
12073,774,0
12073,766,0
12067,29877,0
12073,756,0
12073,742,0
12073,740,0
12073,421,0
12073,407,0
12067,44404,0
12067,42272,0
12067,38958,0
12067,36004,0
12067,35999,0
12067,11093,0
12067,8183,0
12067,7490,0
1198,15865,0
1198,23710,0
1198,23680,0
1198,23582,0
1198,21638,0
1198,21576,0
1198,20522,0
1198,20224,0
1198,19776,0
1198,19573,0
1198,19571,0
1198,15203,0
12067,5314,0
1198,15189,0
1198,15151,0
1198,15141,0
1198,12002,0
1198,11093,0
1198,8183,0
1198,1714,0
1198,887,0
1198,790,0
1198,421,0
1198,24491,0
1198,25719,0
1198,29775,0
1198,29877,0
12067,5007,0
12067,2184,0
12067,1714,0
12067,1684,0
12067,1670,0
12067,1276,0
12067,887,0
12067,790,0
12067,788,0
12067,774,0
12067,766,0
12067,756,0
12067,742,0
12067,740,0
12067,421,0
12067,407,0
1198,44404,0
1198,42272,0
1198,38958,0
1198,36004,0
1198,35999,0
12484,5007,0
12484,5011,0
12484,5314,0
12895,20522,0
12895,29877,0
12895,29775,0
12895,25719,0
12895,24491,0
12895,23710,0
12895,23680,0
12895,23582,0
12895,21638,0
12895,21576,0
12895,20636,0
12895,20224,0
12895,36004,0
12895,19928,0
12895,19924,0
12895,19776,0
12895,19573,0
12895,19571,0
12895,15865,0
12895,15611,0
12895,15228,0
12895,15212,0
12895,15203,0
12895,35999,0
12895,38958,0
1334,11093,0
1334,1266,0
1334,7490,0
1334,5314,0
1334,5011,0
1334,5007,0
1334,4753,0
1334,2194,0
1334,2184,0
1334,1714,0
1334,1684,0
1334,1670,0
1334,887,0
12895,42272,0
1334,790,0
1334,788,0
1334,774,0
1334,770,0
1334,768,0
1334,756,0
1334,740,0
1334,421,0
1334,407,0
12895,44404,0
12895,15189,0
12895,15151,0
12895,15141,0
12858,23680,0
12858,44404,0
12858,42272,0
12858,38958,0
12858,36004,0
12858,35999,0
12858,29877,0
12858,29775,0
12858,25719,0
12858,24491,0
12858,23710,0
12858,23582,0
12895,12002,0
12858,21638,0
12858,21576,0
12858,20636,0
12858,20522,0
12858,20224,0
12858,19928,0
12858,19924,0
12858,19776,0
12858,19573,0
12858,19571,0
12895,407,0
12895,421,0
12895,740,0
12895,742,0
12895,11093,0
12895,8183,0
12895,7490,0
12895,5314,0
12895,5011,0
12895,5007,0
12895,4753,0
12895,2194,0
12895,2184,0
12895,1714,0
12895,1684,0
12895,1670,0
12895,1276,0
12895,1266,0
12895,887,0
12895,790,0
12895,774,0
12895,770,0
12895,768,0
12895,766,0
12895,756,0
1334,8183,0
1334,12002,0
12858,15611,0
13429,19776,0
13429,24491,0
13429,23710,0
13429,23680,0
13429,23582,0
13429,21638,0
13429,21576,0
13429,20636,0
13429,20224,0
13429,19928,0
13429,19924,0
13429,15611,0
13429,29877,0
13429,15228,0
13429,15212,0
13429,15189,0
13429,15151,0
13429,15141,0
13429,12002,0
13429,11093,0
13429,8183,0
13429,7490,0
13429,5314,0
13429,25719,0
13429,35999,0
1334,15141,0
1349,774,0
1349,5007,0
1349,2194,0
1349,1714,0
1349,1684,0
1349,1670,0
1349,1276,0
1349,1266,0
1349,887,0
1349,790,0
1349,788,0
1349,770,0
13429,36004,0
1349,768,0
1349,766,0
1349,756,0
1349,742,0
1349,740,0
1349,421,0
1349,407,0
13429,44404,0
13429,42272,0
13429,38958,0
13429,5011,0
13429,5007,0
13429,4753,0
1334,19928,0
1334,25719,0
1334,24491,0
1334,23710,0
1334,23680,0
1334,23582,0
1334,21638,0
1334,21576,0
1334,20636,0
1334,20522,0
1334,20224,0
1334,19924,0
13429,2194,0
1334,19776,0
1334,19573,0
1334,19571,0
1334,15865,0
1334,15611,0
1334,15228,0
1334,15212,0
1334,15203,0
1334,15189,0
1334,15151,0
1334,29775,0
1334,29877,0
1334,35999,0
1334,36004,0
13429,2184,0
13429,1714,0
13429,1684,0
13429,1670,0
13429,1276,0
13429,1266,0
13429,887,0
13429,790,0
13429,788,0
13429,774,0
13429,770,0
13429,768,0
13429,766,0
13429,756,0
13429,742,0
13429,740,0
13429,421,0
13429,407,0
1334,44404,0
1334,42272,0
1334,38958,0
12858,15865,0
12858,15228,0
12484,7490,0
12538,15611,0
12538,21576,0
12538,20636,0
12538,20522,0
12538,20224,0
12538,19928,0
12538,19924,0
12538,19776,0
12538,19573,0
12538,19571,0
12538,15865,0
12538,15228,0
12538,23582,0
12538,15212,0
12538,15203,0
12538,15189,0
12538,15151,0
12538,15141,0
12538,12002,0
12538,11093,0
12538,8183,0
12538,5314,0
12538,5007,0
12538,21638,0
12538,23680,0
1272,11093,0
1272,740,0
1272,2194,0
1272,1714,0
1272,1684,0
1272,1670,0
1272,1266,0
1272,887,0
1272,790,0
1272,768,0
1272,766,0
1272,756,0
1272,421,0
12538,23710,0
1272,407,0
12538,44404,0
12538,42272,0
12538,38958,0
12538,36004,0
12538,35999,0
12538,29877,0
12538,29775,0
12538,25719,0
12538,24491,0
12538,2194,0
12538,2184,0
12538,1714,0
12484,19571,0
12484,23582,0
12484,21638,0
12484,21576,0
12484,20636,0
12484,20522,0
12484,20224,0
12484,19928,0
12484,19924,0
12484,19776,0
12484,19573,0
12484,15865,0
12538,1684,0
12484,15611,0
12484,15228,0
12484,15212,0
12484,15203,0
12484,15189,0
12484,15151,0
12484,15141,0
12484,12002,0
12484,11093,0
12484,8183,0
12484,23680,0
12484,23710,0
12484,24491,0
12484,25719,0
12538,1670,0
12538,1276,0
12538,1266,0
12538,887,0
12538,790,0
12538,788,0
12538,774,0
12538,770,0
12538,768,0
12538,766,0
12538,756,0
12538,740,0
12538,421,0
12538,407,0
12484,44404,0
12484,42272,0
12484,38958,0
12484,36004,0
12484,35999,0
12484,29877,0
12484,29775,0
1272,5007,0
1272,12002,0
12858,15212,0
12796,23710,0
12858,742,0
12858,740,0
12858,421,0
12858,407,0
12796,42272,0
12796,38958,0
12796,35999,0
12796,29775,0
12796,25719,0
12796,24491,0
12796,23680,0
12858,766,0
12796,21638,0
12796,21576,0
12796,20636,0
12796,20522,0
12796,20224,0
12796,19928,0
12796,19924,0
12796,19776,0
12796,19573,0
12796,19571,0
12858,756,0
12858,768,0
1272,15141,0
12858,4753,0
12858,15203,0
12858,15189,0
12858,15151,0
12858,15141,0
12858,12002,0
12858,11093,0
12858,8183,0
12858,7490,0
12858,5011,0
12858,5007,0
12858,2194,0
12858,770,0
12858,2184,0
12858,1714,0
12858,1684,0
12858,1670,0
12858,1276,0
12858,1266,0
12858,887,0
12858,790,0
12858,788,0
12858,774,0
12796,15865,0
12796,15611,0
12796,15228,0
1272,20636,0
12796,407,0
1272,42272,0
1272,38958,0
1272,35999,0
1272,29775,0
1272,24491,0
1272,23710,0
1272,23680,0
1272,23582,0
1272,21638,0
1272,20522,0
12796,15203,0
1272,20224,0
1272,19928,0
1272,19924,0
1272,19776,0
1272,19573,0
1272,19571,0
1272,15865,0
1272,15611,0
1272,15203,0
1272,15189,0
12796,421,0
12796,740,0
12796,756,0
12796,766,0
12796,15189,0
12796,15151,0
12796,15141,0
12796,12002,0
12796,11093,0
12796,8183,0
12796,5314,0
12796,5007,0
12796,2194,0
12796,2184,0
12796,1714,0
12796,1684,0
12796,1670,0
12796,1276,0
12796,1266,0
12796,887,0
12796,790,0
12796,788,0
12796,774,0
12796,770,0
12796,768,0
18268,742,0
18268,756,0
18268,766,0
24268,25719,0
2453,756,0
2453,742,0
2453,740,0
2453,421,0
2453,407,0
24268,42272,0
24268,38958,0
24268,35999,0
24268,29877,0
24268,29775,0
24268,24491,0
2453,768,0
24268,23710,0
24268,23680,0
24268,23582,0
24268,21638,0
24268,21576,0
24268,20636,0
24268,20522,0
24268,20224,0
24268,19928,0
24268,19924,0
2453,766,0
2453,774,0
24268,19573,0
2453,15141,0
2453,19776,0
2453,19573,0
2453,19571,0
2453,15865,0
2453,15611,0
2453,15228,0
2453,15212,0
2453,15203,0
2453,15189,0
2453,15151,0
2453,12002,0
2453,790,0
2453,11093,0
2453,8183,0
2453,5007,0
2453,2194,0
2453,1714,0
2453,1684,0
2453,1670,0
2453,1276,0
2453,1266,0
2453,887,0
24268,19776,0
24268,19571,0
18268,768,0
24020,29877,0
24268,756,0
24268,742,0
24268,740,0
24268,421,0
24268,407,0
24020,44404,0
24020,42272,0
24020,38958,0
24020,36004,0
24020,35999,0
24020,29775,0
24268,768,0
24020,25719,0
24020,24491,0
24020,23710,0
24020,23680,0
24020,23582,0
24020,21638,0
24020,21576,0
24020,20636,0
24020,20522,0
24020,20224,0
24268,766,0
24268,770,0
24268,15865,0
24268,5007,0
24268,15611,0
24268,15228,0
24268,15203,0
24268,15189,0
24268,15151,0
24268,15141,0
24268,12002,0
24268,11093,0
24268,8183,0
24268,7490,0
24268,4753,0
24268,774,0
24268,2194,0
24268,2184,0
24268,1714,0
24268,1684,0
24268,1670,0
24268,1276,0
24268,1266,0
24268,887,0
24268,790,0
24268,788,0
2453,19924,0
2453,19928,0
2453,20224,0
25328,25719,0
26126,740,0
26126,421,0
26126,407,0
25328,44404,0
25328,42272,0
25328,38958,0
25328,36004,0
25328,35999,0
25328,29877,0
25328,29775,0
25328,24491,0
26126,756,0
25328,23710,0
25328,23680,0
25328,23582,0
25328,21638,0
25328,21576,0
25328,20636,0
25328,20522,0
25328,20224,0
25328,19928,0
25328,19924,0
26126,742,0
26126,766,0
2453,20522,0
26126,4753,0
26126,15189,0
26126,15151,0
26126,15141,0
26126,12002,0
26126,11093,0
26126,8183,0
26126,7490,0
26126,5314,0
26126,5011,0
26126,5007,0
26126,2194,0
26126,768,0
26126,1714,0
26126,1684,0
26126,1670,0
26126,1276,0
26126,1266,0
26126,887,0
26126,790,0
26126,788,0
26126,774,0
26126,770,0
25328,19776,0
25328,19573,0
25328,19571,0
2453,38958,0
25328,770,0
25328,768,0
25328,766,0
25328,756,0
25328,742,0
25328,740,0
25328,421,0
25328,407,0
2453,44404,0
2453,42272,0
2453,36004,0
25328,15865,0
2453,35999,0
2453,29877,0
2453,29775,0
2453,25719,0
2453,24491,0
2453,23680,0
2453,23582,0
2453,21638,0
2453,21576,0
2453,20636,0
25328,774,0
25328,788,0
25328,790,0
25328,887,0
25328,15611,0
25328,15228,0
25328,15203,0
25328,15189,0
25328,15151,0
25328,15141,0
25328,12002,0
25328,11093,0
25328,8183,0
25328,7490,0
25328,5314,0
25328,5011,0
25328,5007,0
25328,4753,0
25328,2194,0
25328,2184,0
25328,1714,0
25328,1684,0
25328,1670,0
25328,1276,0
25328,1266,0
24020,19928,0
24020,19924,0
24020,19776,0
22356,38958,0
22536,770,0
22536,768,0
22536,766,0
22536,756,0
22536,742,0
22536,740,0
22536,421,0
22536,407,0
22356,44404,0
22356,42272,0
22356,36004,0
22536,790,0
22356,35999,0
22356,29877,0
22356,29775,0
22356,25719,0
22356,24491,0
22356,23710,0
22356,23680,0
22356,23582,0
22356,21638,0
22356,21576,0
22536,774,0
22536,887,0
22536,19928,0
22536,15141,0
22536,19776,0
22536,19573,0
22536,19571,0
22536,15865,0
22536,15611,0
22536,15228,0
22536,15212,0
22536,15203,0
22536,15189,0
22536,15151,0
22536,12002,0
22536,1266,0
22536,11093,0
22536,8183,0
22536,7490,0
22536,5011,0
22536,5007,0
22536,2194,0
22536,1714,0
22536,1684,0
22536,1670,0
22536,1276,0
22356,20636,0
22356,20522,0
22356,20224,0
22356,742,0
22356,1276,0
22356,1266,0
22356,887,0
22356,790,0
22356,788,0
22356,774,0
22356,770,0
22356,768,0
22356,766,0
22356,756,0
22356,740,0
22356,19928,0
22356,421,0
22356,407,0
2200,44404,0
2200,42272,0
2200,38958,0
2200,36004,0
2200,35999,0
2200,29877,0
2200,29775,0
2200,25719,0
22356,1670,0
22356,1684,0
22356,1714,0
22356,2184,0
22356,19924,0
22356,19776,0
22356,19573,0
22356,19571,0
22356,15865,0
22356,15611,0
22356,15228,0
22356,15212,0
22356,15203,0
22356,15189,0
22356,15151,0
22356,15141,0
22356,12002,0
22356,11093,0
22356,8183,0
22356,7490,0
22356,5314,0
22356,5011,0
22356,5007,0
22356,4753,0
22356,2194,0
22536,19924,0
22536,20224,0
24020,19573,0
2280,29877,0
24020,756,0
24020,742,0
24020,740,0
24020,421,0
24020,407,0
2280,44404,0
2280,42272,0
2280,38958,0
2280,36004,0
2280,35999,0
2280,29775,0
24020,768,0
2280,25719,0
2280,24491,0
2280,23710,0
2280,23680,0
2280,23582,0
2280,21638,0
2280,21576,0
2280,20636,0
2280,20522,0
2280,20224,0
24020,766,0
24020,770,0
22536,20636,0
24020,8183,0
24020,19571,0
24020,15865,0
24020,15611,0
24020,15212,0
24020,15203,0
24020,15189,0
24020,15151,0
24020,15141,0
24020,12002,0
24020,11093,0
24020,7490,0
24020,774,0
24020,5011,0
24020,5007,0
24020,4753,0
24020,2194,0
24020,1684,0
24020,1670,0
24020,1276,0
24020,1266,0
24020,887,0
24020,790,0
2280,19928,0
2280,19924,0
2280,19776,0
22536,38958,0
2280,770,0
2280,768,0
2280,766,0
2280,756,0
2280,742,0
2280,740,0
2280,421,0
2280,407,0
22536,44404,0
22536,42272,0
22536,36004,0
2280,19573,0
22536,35999,0
22536,29877,0
22536,29775,0
22536,25719,0
22536,24491,0
22536,23710,0
22536,23680,0
22536,23582,0
22536,21638,0
22536,21576,0
2280,790,0
2280,887,0
2280,1266,0
2280,1276,0
2280,19571,0
2280,15865,0
2280,15611,0
2280,15228,0
2280,15212,0
2280,15203,0
2280,15189,0
2280,15151,0
2280,15141,0
2280,12002,0
2280,11093,0
2280,8183,0
2280,7490,0
2280,5314,0
2280,5011,0
2280,5007,0
2280,4753,0
2280,2194,0
2280,1714,0
2280,1684,0
2280,1670,0
26126,15203,0
26126,15212,0
26126,15228,0
29186,15611,0
29186,21576,0
29186,20636,0
29186,20522,0
29186,20224,0
29186,19928,0
29186,19924,0
29186,19776,0
29186,19573,0
29186,19571,0
29186,15865,0
29186,15228,0
29186,23582,0
29186,15203,0
29186,15189,0
,421,0
29186,15141,0
29186,12002,0
29186,11093,0
29186,8183,0
29186,7490,0
29186,5314,0
29186,5011,0
29186,21638,0
29186,23710,0
30257,1684,0
30257,742,0
30257,1276,0
30257,1266,0
30257,887,0
30257,790,0
30257,788,0
30257,774,0
30257,770,0
30257,768,0
30257,766,0
30257,756,0
30257,740,0
29186,24491,0
30257,421,0
30257,407,0
29186,44404,0
29186,42272,0
29186,38958,0
29186,36004,0
29186,35999,0
29186,29877,0
29186,29775,0
29186,25719,0
29186,5007,0
29186,4753,0
29186,2194,0
28706,19776,0
28706,24491,0
28706,23710,0
28706,23680,0
28706,23582,0
28706,21638,0
28706,21576,0
28706,20636,0
28706,20522,0
28706,20224,0
28706,19924,0
28706,19573,0
29186,2184,0
28706,19571,0
28706,15865,0
28706,15611,0
28706,15228,0
28706,15212,0
28706,15203,0
28706,15189,0
28706,15151,0
28706,15141,0
28706,12002,0
28706,25719,0
28706,29775,0
28706,29877,0
28706,35999,0
29186,1714,0
29186,1684,0
29186,1670,0
29186,1276,0
29186,1266,0
29186,887,0
29186,790,0
29186,788,0
29186,774,0
29186,770,0
29186,768,0
29186,766,0
29186,756,0
29186,742,0
29186,740,0
29186,421,0
29186,407,0
28706,44404,0
28706,42272,0
28706,38958,0
28706,36004,0
30257,1670,0
30257,1714,0
28706,8183,0
30426,12002,0
30426,19573,0
30426,19571,0
30426,15865,0
30426,15611,0
30426,15228,0
30426,15212,0
30426,15203,0
30426,15189,0
30426,15151,0
30426,15141,0
30426,11093,0
30426,19924,0
30426,8183,0
30426,7490,0
30426,5011,0
30426,5007,0
30426,4753,0
30426,2194,0
30426,2184,0
30426,1714,0
30426,1684,0
30426,1670,0
30426,19776,0
30426,19928,0
30257,2184,0
30426,35999,0
30564,766,0
30564,756,0
30564,742,0
30564,740,0
30564,421,0
30564,407,0
30426,44404,0
30426,42272,0
30426,38958,0
30426,36004,0
30426,29877,0
30426,20224,0
30426,29775,0
30426,25719,0
30426,24491,0
30426,23710,0
30426,23680,0
30426,23582,0
30426,21638,0
30426,21576,0
30426,20636,0
30426,20522,0
30426,1276,0
30426,1266,0
30426,887,0
30257,15189,0
30257,19928,0
30257,19924,0
30257,19776,0
30257,19573,0
30257,19571,0
30257,15865,0
30257,15611,0
30257,15228,0
30257,15212,0
30257,15203,0
30257,15151,0
30426,790,0
30257,15141,0
30257,12002,0
30257,11093,0
30257,8183,0
30257,7490,0
30257,5314,0
30257,5011,0
30257,5007,0
30257,4753,0
30257,2194,0
30257,20224,0
30257,20522,0
30257,20636,0
30257,21576,0
30426,788,0
30426,774,0
30426,770,0
30426,768,0
30426,766,0
30426,756,0
30426,742,0
30426,740,0
30426,421,0
30426,407,0
30257,44404,0
30257,42272,0
30257,38958,0
30257,36004,0
30257,35999,0
30257,29877,0
30257,29775,0
30257,25719,0
30257,24491,0
30257,23582,0
30257,21638,0
28706,11093,0
28706,7490,0
26126,15611,0
2807,23680,0
2807,44404,0
2807,42272,0
2807,38958,0
2807,36004,0
2807,35999,0
2807,29877,0
2807,29775,0
2807,25719,0
2807,24491,0
2807,23710,0
2807,23582,0
28086,421,0
2807,21638,0
2807,21576,0
2807,20636,0
2807,20522,0
2807,20224,0
2807,19928,0
2807,19924,0
2807,19776,0
2807,19573,0
2807,19571,0
28086,407,0
28086,740,0
28086,15203,0
28086,1684,0
28086,15151,0
28086,15141,0
28086,12002,0
28086,11093,0
28086,8183,0
28086,7490,0
28086,5011,0
28086,5007,0
28086,2194,0
28086,1714,0
28086,1670,0
28086,742,0
28086,1276,0
28086,1266,0
28086,887,0
28086,790,0
28086,788,0
28086,774,0
28086,770,0
28086,768,0
28086,766,0
28086,756,0
2807,15865,0
2807,15611,0
2807,15228,0
26126,23582,0
26126,42272,0
26126,38958,0
26126,36004,0
26126,35999,0
26126,29877,0
26126,29775,0
26126,25719,0
26126,24491,0
26126,23710,0
26126,23680,0
26126,21638,0
2807,15212,0
26126,21576,0
26126,20636,0
26126,20522,0
26126,20224,0
26126,19928,0
26126,19924,0
26126,19776,0
26126,19573,0
26126,19571,0
26126,15865,0
26126,44404,0
2807,407,0
2807,421,0
2807,742,0
2807,15203,0
2807,15189,0
2807,15151,0
2807,15141,0
2807,12002,0
2807,11093,0
2807,8183,0
2807,7490,0
2807,5011,0
2807,5007,0
2807,4753,0
2807,2194,0
2807,1714,0
2807,1684,0
2807,1670,0
2807,887,0
2807,788,0
2807,774,0
2807,768,0
2807,766,0
2807,756,0
28086,15189,0
28086,15228,0
28706,5011,0
28259,20522,0
28259,29877,0
28259,29775,0
28259,25719,0
28259,24491,0
28259,23710,0
28259,23680,0
28259,23582,0
28259,21638,0
28259,21576,0
28259,20636,0
28259,20224,0
28259,36004,0
28259,19928,0
28259,19924,0
28259,19776,0
28259,19573,0
28259,19571,0
28259,15865,0
28259,15611,0
28259,15228,0
28259,15203,0
28259,15189,0
28259,35999,0
28259,38958,0
28086,15611,0
28706,790,0
28706,5007,0
28706,4753,0
28706,2194,0
28706,2184,0
28706,1714,0
28706,1684,0
28706,1670,0
28706,1276,0
28706,1266,0
28706,887,0
28706,788,0
28259,42272,0
28706,774,0
28706,770,0
28706,768,0
28706,766,0
28706,756,0
28706,742,0
28706,740,0
28706,421,0
28706,407,0
28259,44404,0
28259,15151,0
28259,15141,0
28259,12002,0
28086,23582,0
28086,42272,0
28086,38958,0
28086,36004,0
28086,35999,0
28086,29877,0
28086,29775,0
28086,25719,0
28086,24491,0
28086,23710,0
28086,23680,0
28086,21638,0
28259,11093,0
28086,21576,0
28086,20636,0
28086,20522,0
28086,20224,0
28086,19928,0
28086,19924,0
28086,19776,0
28086,19573,0
28086,19571,0
28086,15865,0
28086,44404,0
28259,407,0
28259,421,0
28259,740,0
28259,8183,0
28259,7490,0
28259,5011,0
28259,5007,0
28259,4753,0
28259,2194,0
28259,2184,0
28259,1714,0
28259,1684,0
28259,1670,0
28259,1276,0
28259,1266,0
28259,887,0
28259,790,0
28259,788,0
28259,774,0
28259,770,0
28259,768,0
28259,766,0
28259,756,0
28259,742,0
2200,24491,0
2200,23710,0
2200,23680,0
19423,2184,0
19423,15203,0
19423,15189,0
19423,15151,0
19423,15141,0
19423,12002,0
19423,11093,0
19423,8183,0
19423,5011,0
19423,5007,0
19423,2194,0
19423,1714,0
19423,15865,0
19423,1684,0
19423,1670,0
19423,1276,0
19423,1266,0
19423,887,0
19423,790,0
19423,788,0
19423,774,0
19423,768,0
19423,766,0
19423,15228,0
19423,19571,0
19609,756,0
19423,25719,0
19609,740,0
19609,421,0
19609,407,0
19423,44404,0
19423,42272,0
19423,38958,0
19423,36004,0
19423,35999,0
19423,29877,0
19423,29775,0
19423,24491,0
19423,19573,0
19423,23710,0
19423,23680,0
19423,23582,0
19423,21638,0
19423,21576,0
19423,20636,0
19423,20522,0
19423,20224,0
19423,19928,0
19423,19776,0
19423,756,0
19423,742,0
19423,740,0
19394,5314,0
19394,15228,0
19394,15212,0
19394,15203,0
19394,15189,0
19394,15151,0
19394,15141,0
19394,12002,0
19394,11093,0
19394,8183,0
19394,7490,0
19394,5007,0
19423,421,0
19394,4753,0
19394,2194,0
19394,2184,0
19394,1714,0
19394,1684,0
19394,1670,0
19394,1276,0
19394,1266,0
19394,887,0
19394,790,0
19394,15611,0
19394,15865,0
19394,19571,0
19394,19573,0
19423,407,0
19394,44404,0
19394,42272,0
19394,38958,0
19394,36004,0
19394,35999,0
19394,29877,0
19394,29775,0
19394,25719,0
19394,24491,0
19394,23710,0
19394,23680,0
19394,23582,0
19394,21638,0
19394,21576,0
19394,20636,0
19394,20522,0
19394,20224,0
19394,19928,0
19394,19924,0
19394,19776,0
19609,742,0
19609,766,0
19394,774,0
2047,5007,0
2047,15228,0
2047,15203,0
2047,15189,0
2047,15151,0
2047,15141,0
2047,12002,0
2047,11093,0
2047,8183,0
2047,7490,0
2047,5011,0
2047,2194,0
2047,15865,0
2047,1714,0
2047,1684,0
2047,1670,0
2047,887,0
2047,790,0
2047,774,0
2047,768,0
2047,766,0
2047,756,0
2047,742,0
2047,15611,0
2047,19571,0
19609,768,0
2047,24491,0
20591,421,0
20591,407,0
2047,44404,0
2047,42272,0
2047,38958,0
2047,36004,0
2047,35999,0
2047,29877,0
2047,29775,0
2047,25719,0
2047,23710,0
2047,19573,0
2047,23680,0
2047,23582,0
2047,21638,0
2047,21576,0
2047,20636,0
2047,20522,0
2047,20224,0
2047,19928,0
2047,19924,0
2047,19776,0
2047,740,0
2047,421,0
2047,407,0
19609,4753,0
19609,15203,0
19609,15189,0
19609,15151,0
19609,15141,0
19609,12002,0
19609,11093,0
19609,8183,0
19609,7490,0
19609,5011,0
19609,5007,0
19609,2194,0
19609,44404,0
19609,2184,0
19609,1714,0
19609,1684,0
19609,1670,0
19609,1276,0
19609,1266,0
19609,887,0
19609,790,0
19609,774,0
19609,770,0
19609,15212,0
19609,15228,0
19609,15611,0
19609,15865,0
19609,42272,0
19609,38958,0
19609,36004,0
19609,35999,0
19609,29877,0
19609,29775,0
19609,25719,0
19609,24491,0
19609,23710,0
19609,23680,0
19609,23582,0
19609,21638,0
19609,21576,0
19609,20636,0
19609,20522,0
19609,20224,0
19609,19928,0
19609,19924,0
19609,19776,0
19609,19573,0
19609,19571,0
19394,788,0
19394,770,0
20591,742,0
18288,5314,0
18288,15611,0
18288,15228,0
18288,15203,0
18288,15189,0
18288,15151,0
18288,15141,0
18288,12002,0
18288,11093,0
18288,8183,0
18288,7490,0
18288,5011,0
18288,19571,0
18288,5007,0
18288,4753,0
18288,2194,0
18288,1714,0
18288,1684,0
18288,1670,0
18288,1276,0
18288,1266,0
18288,887,0
18288,790,0
18288,15865,0
18288,19573,0
18781,766,0
18288,25719,0
18781,742,0
18781,740,0
18781,421,0
18781,407,0
18288,44404,0
18288,42272,0
18288,38958,0
18288,36004,0
18288,35999,0
18288,29775,0
18288,24491,0
18288,19776,0
18288,23710,0
18288,23680,0
18288,23582,0
18288,21638,0
18288,21576,0
18288,20636,0
18288,20522,0
18288,20224,0
18288,19928,0
18288,19924,0
18288,788,0
18288,774,0
18288,770,0
18268,5007,0
18268,15611,0
18268,15228,0
18268,15203,0
18268,15189,0
18268,15151,0
18268,15141,0
18268,12002,0
18268,11093,0
18268,8183,0
18268,7490,0
18268,4753,0
18288,768,0
18268,2194,0
18268,2184,0
18268,1714,0
18268,1684,0
18268,1670,0
18268,1276,0
18268,1266,0
18268,887,0
18268,790,0
18268,774,0
18268,15865,0
18268,19571,0
18268,19573,0
18268,19776,0
18288,766,0
18288,756,0
18288,742,0
18288,740,0
18288,421,0
18288,407,0
18268,42272,0
18268,38958,0
18268,35999,0
18268,29877,0
18268,29775,0
18268,25719,0
18268,24491,0
18268,23710,0
18268,23582,0
18268,21638,0
18268,21576,0
18268,20636,0
18268,20522,0
18268,20224,0
18268,19924,0
18781,756,0
18781,768,0
19394,768,0
19393,5007,0
19393,15865,0
19393,15611,0
19393,15228,0
19393,15203,0
19393,15189,0
19393,15151,0
19393,15141,0
19393,12002,0
19393,11093,0
19393,8183,0
19393,2194,0
19393,19573,0
19393,2184,0
19393,1714,0
19393,1684,0
19393,1670,0
19393,1276,0
19393,1266,0
19393,887,0
19393,790,0
19393,788,0
19393,774,0
19393,19571,0
19393,19776,0
18781,770,0
19393,29877,0
19394,766,0
19394,756,0
19394,742,0
19394,421,0
19394,407,0
19393,44404,0
19393,42272,0
19393,38958,0
19393,36004,0
19393,35999,0
19393,29775,0
19393,19924,0
19393,25719,0
19393,24491,0
19393,23710,0
19393,23680,0
19393,23582,0
19393,21638,0
19393,21576,0
19393,20636,0
19393,20522,0
19393,20224,0
19393,770,0
19393,768,0
19393,766,0
18781,5007,0
18781,15228,0
18781,15203,0
18781,15189,0
18781,15151,0
18781,15141,0
18781,12002,0
18781,11093,0
18781,8183,0
18781,7490,0
18781,5011,0
18781,2194,0
19393,756,0
18781,2184,0
18781,1714,0
18781,1684,0
18781,1670,0
18781,1276,0
18781,1266,0
18781,887,0
18781,790,0
18781,788,0
18781,774,0
18781,15865,0
18781,19571,0
18781,19573,0
18781,19776,0
19393,742,0
19393,740,0
19393,421,0
19393,407,0
18781,44404,0
18781,42272,0
18781,38958,0
18781,36004,0
18781,35999,0
18781,29877,0
18781,29775,0
18781,25719,0
18781,24491,0
18781,23710,0
18781,23582,0
18781,21638,0
18781,21576,0
18781,20636,0
18781,20522,0
18781,20224,0
18781,19928,0
20591,740,0
20591,756,0
2200,23582,0
2191,887,0
2191,7490,0
2191,5314,0
2191,5007,0
2191,2194,0
2191,2184,0
2191,1714,0
2191,1684,0
2191,1670,0
2191,1276,0
2191,1266,0
2191,790,0
2191,11093,0
2191,788,0
2191,774,0
2191,770,0
2191,768,0
2191,766,0
2191,756,0
2191,742,0
2191,740,0
2191,421,0
2191,407,0
2191,8183,0
2191,12002,0
2191,42272,0
2191,20636,0
2191,36004,0
2191,35999,0
2191,29877,0
2191,29775,0
2191,25719,0
2191,24491,0
2191,23710,0
2191,23680,0
2191,23582,0
2191,21638,0
2191,20522,0
2191,15141,0
2191,20224,0
2191,19776,0
2191,19573,0
2191,19571,0
2191,15865,0
2191,15611,0
2191,15228,0
2191,15203,0
2191,15189,0
2191,15151,0
21720,44404,0
21720,42272,0
21720,38958,0
21720,1266,0
21720,8183,0
21720,7490,0
21720,5011,0
21720,5007,0
21720,2194,0
21720,2184,0
21720,1714,0
21720,1684,0
21720,1670,0
21720,1276,0
21720,887,0
21720,36004,0
21720,790,0
21720,788,0
21720,774,0
21720,768,0
21720,766,0
21720,756,0
21720,742,0
21720,740,0
21720,421,0
21720,407,0
21720,11093,0
21720,12002,0
21720,15141,0
21720,15151,0
21720,35999,0
21720,29877,0
21720,29775,0
21720,25719,0
21720,24491,0
21720,23710,0
21720,23680,0
21720,23582,0
21720,21638,0
21720,21576,0
21720,20636,0
21720,20522,0
21720,20224,0
21720,19928,0
21720,19776,0
21720,19573,0
21720,19571,0
21720,15865,0
21720,15228,0
21720,15203,0
21720,15189,0
2191,38958,0
2191,44404,0
2158,42272,0
2200,770,0
2200,2194,0
2200,2184,0
2200,1714,0
2200,1684,0
2200,1670,0
2200,1276,0
2200,1266,0
2200,887,0
2200,790,0
2200,774,0
2200,768,0
2200,5007,0
2200,766,0
2200,756,0
2200,742,0
2200,740,0
2200,421,0
2200,407,0
2197,44404,0
2197,42272,0
2197,38958,0
2197,36004,0
2200,4753,0
2200,5011,0
2197,407,0
2200,15865,0
2200,21638,0
2200,21576,0
2200,20636,0
2200,20522,0
2200,20224,0
2200,19928,0
2200,19924,0
2200,19776,0
2200,19573,0
2200,19571,0
2200,15611,0
2200,5314,0
2200,15228,0
2200,15212,0
2200,15203,0
2200,15189,0
2200,15151,0
2200,15141,0
2200,12002,0
2200,11093,0
2200,8183,0
2200,7490,0
2197,35999,0
2197,29877,0
2197,29775,0
2197,1266,0
2197,7490,0
2197,5314,0
2197,5011,0
2197,5007,0
2197,4753,0
2197,2194,0
2197,1714,0
2197,1684,0
2197,1670,0
2197,1276,0
2197,887,0
2197,25719,0
2197,790,0
2197,788,0
2197,774,0
2197,770,0
2197,768,0
2197,766,0
2197,756,0
2197,742,0
2197,740,0
2197,421,0
2197,8183,0
2197,11093,0
2197,12002,0
2197,15141,0
2197,24491,0
2197,23710,0
2197,23680,0
2197,23582,0
2197,21638,0
2197,21576,0
2197,20636,0
2197,20522,0
2197,20224,0
2197,19928,0
2197,19924,0
2197,19776,0
2197,19573,0
2197,19571,0
2197,15865,0
2197,15611,0
2197,15228,0
2197,15212,0
2197,15203,0
2197,15189,0
2197,15151,0
2158,44404,0
2158,38958,0
20591,766,0
20664,2194,0
20664,15189,0
20664,15151,0
20664,15141,0
20664,12002,0
20664,11093,0
20664,8183,0
20664,7490,0
20664,5011,0
20664,5007,0
20664,4753,0
20664,1714,0
20664,15611,0
20664,1684,0
20664,1670,0
20664,1276,0
20664,1266,0
20664,887,0
20664,790,0
20664,774,0
20664,770,0
20664,768,0
20664,766,0
20664,15203,0
20664,15865,0
20808,766,0
20664,25719,0
20808,742,0
20808,740,0
20808,421,0
20808,407,0
20664,44404,0
20664,42272,0
20664,38958,0
20664,36004,0
20664,35999,0
20664,29775,0
20664,24491,0
20664,19571,0
20664,23680,0
20664,23582,0
20664,21638,0
20664,21576,0
20664,20636,0
20664,20522,0
20664,19928,0
20664,19924,0
20664,19776,0
20664,19573,0
20664,756,0
20664,742,0
20664,740,0
20591,2184,0
20591,15189,0
20591,15151,0
20591,15141,0
20591,12002,0
20591,11093,0
20591,8183,0
20591,7490,0
20591,5011,0
20591,5007,0
20591,2194,0
20591,1714,0
20664,421,0
20591,1684,0
20591,1670,0
20591,1276,0
20591,1266,0
20591,887,0
20591,790,0
20591,788,0
20591,774,0
20591,770,0
20591,768,0
20591,15203,0
20591,15611,0
20591,15865,0
20591,19571,0
20664,407,0
20591,44404,0
20591,42272,0
20591,38958,0
20591,36004,0
20591,35999,0
20591,29877,0
20591,29775,0
20591,25719,0
20591,24491,0
20591,23680,0
20591,23582,0
20591,21638,0
20591,21576,0
20591,20636,0
20591,20522,0
20591,20224,0
20591,19928,0
20591,19924,0
20591,19776,0
20591,19573,0
20808,756,0
20808,768,0
2158,36004,0
2158,1684,0
2158,12002,0
2158,11093,0
2158,8183,0
2158,7490,0
2158,5314,0
2158,5011,0
2158,5007,0
2158,2194,0
2158,2184,0
2158,1714,0
2158,1670,0
2158,15151,0
2158,1276,0
2158,1266,0
2158,887,0
2158,790,0
2158,788,0
2158,774,0
2158,770,0
2158,768,0
2158,766,0
2158,756,0
2158,15141,0
2158,15189,0
20808,770,0
2158,20636,0
2158,35999,0
2158,29877,0
2158,29775,0
2158,25719,0
2158,24491,0
2158,23710,0
2158,23680,0
2158,23582,0
2158,21638,0
2158,21576,0
2158,20522,0
2158,15203,0
2158,20224,0
2158,19928,0
2158,19924,0
2158,19776,0
2158,19573,0
2158,19571,0
2158,15865,0
2158,15611,0
2158,15228,0
2158,15212,0
2158,742,0
2158,740,0
2158,421,0
20808,4753,0
20808,15189,0
20808,15151,0
20808,15141,0
20808,12002,0
20808,11093,0
20808,8183,0
20808,7490,0
20808,5314,0
20808,5011,0
20808,5007,0
20808,2194,0
2158,407,0
20808,2184,0
20808,1714,0
20808,1684,0
20808,1670,0
20808,1276,0
20808,1266,0
20808,887,0
20808,790,0
20808,788,0
20808,774,0
20808,15203,0
20808,15228,0
20808,15611,0
20808,15865,0
20808,44404,0
20808,42272,0
20808,38958,0
20808,36004,0
20808,35999,0
20808,29877,0
20808,29775,0
20808,25719,0
20808,24491,0
20808,23710,0
20808,23680,0
20808,23582,0
20808,21638,0
20808,21576,0
20808,20636,0
20808,20522,0
20808,20224,0
20808,19924,0
20808,19776,0
20808,19573,0
20808,19571,0
9271,44404,0
